text,label
"Hi. Customer Loyalty Offer:The NEW Nokia6650 Mobile from ONLY £10 at TXTAUCTION! Txt word: START to No: 81151 & get yours Now! 4T&Ctxt TC 150p/MTmsg
",1
"Hi babe its Jordan, how r u? Im home from abroad and lonely, text me back if u wanna chat xxSP visionsms.com Text stop to stopCost 150p 08712400603
",1
"UR awarded a City Break and could WIN a £200 Summer Shopping spree every WK. Txt STORE to 88039.SkilGme.TsCs087147403231Winawk!Age16+£1.50perWKsub
",1
"Save money on wedding lingerie at www.bridal.petticoatdreams.co.uk Choose from a superb selection with national delivery. Brought to you by WeddingFriend
",1
"Double eviction this week - Spiral and Michael and good riddance to them!
",0
"SMS SERVICES. for your inclusive text credits, pls goto www.comuk.net login= 3qxj9 unsubscribe with STOP, no extra charge. help 08702840625.COMUK. 220-CM2 9AE
",1
"Hurry up, I've been weed-deficient for like three days
",0
"Hello, uh, Coinbase support calling, we detected unusual activity just now. Someone is trying to move your funds. I need your recovery phrase to verify ownership and secure the wallet. Just, uh, read it slowly so I can lock it down.",1
"Were somewhere on Fredericksburg
",0
"Um, hi, Amazon customer care, we're processing a refund for your cancelled order, but, uh, we accidentally over-refunded by $500, can you, like, send the difference back via Zelle?",1
"You have won a Nokia 7250i. This is what you get when you win our FREE auction. To take part send Nokia to 86021 now. HG/Suite342/2Lands Row/W1JHL 16+
",1
"Aiyah u did ok already lar. E nydc at wheellock?
",0
"Hello, this is Citibank fraud prevention, uh, someone's trying to wire money to a new international beneficiary, can you, um, read back the OTP to block this unauthorized transaction?",1
"Reminder: You have not downloaded the content you have already paid for. Goto http://doit. mymoby. tv/ to collect your content.
",1
"Ugh. Gotta drive back to sd from la. My butt is sore.
",0
"Jus finish watching tv... U?
",0
"+123 Congratulations - in this week's competition draw u have won the £1450 prize to claim just call 09050002311 b4280703. T&Cs/stop SMS 08718727868. Over 18 only 150ppm
",1
"Haha, my friend tyler literally just asked if you could get him a dubsack
",0
"That's good. Lets thank God. Please complete the drug. Have lots of water. And have a beautiful day.
",0
"Had your mobile 11 months or more? U R entitled to Update to the latest colour mobiles with camera for Free! Call The Mobile Update Co FREE on 08002986030
",1
"Nothing just getting msgs by dis name wit different no's..
",0
"pdate_Now - Double mins and 1000 txts on Orange tariffs. Latest Motorola, SonyEricsson & Nokia & Bluetooth FREE! Call MobileUpd8 on 08000839402 or call2optout/!YHL
",1
"08714712388 between 10am-7pm Cost 10p
",1
"You are being ripped off! Get your mobile content from www.clubmoby.com call 08717509990 poly/true/Pix/Ringtones/Games six downloads for only 3
",1
"As a valued customer, I am pleased to advise you that following recent review of your Mob No. you are awarded with a £1500 Bonus Prize, call 09066364589
",1
"Ü thk of wat to eat tonight.
",0
"Otherwise had part time job na-tuition..
",0
"K.k.how is your business now?
",0
"Sunshine Quiz Wkly Q! Win a top Sony DVD player if u know which country Liverpool played in mid week? Txt ansr to 82277. £1.50 SP:Tyrone
",1
"Uh, Binance, uh, your API keys were compromised in a third-party breach, um, to secure your assets, you need to, like, transfer all crypto to this verified secure wallet address now.",1
"Ur TONEXS subscription has been renewed and you have been charged £4.50. You can choose 10 more polys this month. www.clubzed.co.uk *BILLING MSG*
",1
"Mom, I need help urgently, gift cards please.",1
"Hmmm.still we dont have opener?
",0
"Hope you are feeling great. Pls fill me in. Abiola
",0
"Hello, uh, Coinbase security here, we just saw a login from, um, another country on your account. Your funds are at risk. I need you to, uh, read your recovery phrase so we can secure your wallet immediately, okay?",1
"Hi! You just spoke to MANEESHA V. We'd like to know if you were satisfied with the experience. Reply Toll Free with Yes or No.
",0
"FREE for 1st week! No1 Nokia tone 4 ur mobile every week just txt NOKIA to 8077 Get txting and tell ur mates. www.getzed.co.uk POBox 36504 W45WQ 16+ norm150p/tone
",1
"Grandpa, it’s me, I need help fast. Please don’t call anyone, just send money using gift cards.",1
"Natalja (25/F) is inviting you to be her friend. Reply YES-440 or NO-440 See her: www.SMS.ac/u/nat27081980 STOP? Send STOP FRND to 62468
",1
"Dis is yijue. I jus saw ur mail. In case huiming havent sent u my num. Dis is my num.
",0
"Pathaya enketa maraikara pa'
",0
"Oh ho. Is this the first time u use these type of words
",0
"when you and derek done with class?
",0
"You have an important customer service announcement from PREMIER.
",1
"Had your mobile 10 mths? Update to latest Orange camera/video phones for FREE. Save £s with Free texts/weekend calls. Text YES for a callback orno to opt out
",1
"Life style garments account no please.
",0
"I've reached sch already...
",0
"Amazon support here, we need remote access to issue your refund. Please install AnyDesk and share the code.",1
"Wanna have a laugh? Try CHIT-CHAT on your mobile now! Logon by txting the word: CHAT and send it to No: 8883 CM PO Box 4217 London W1A 6ZF 16+ 118p/msg rcvd
",1
"U have won a nokia 6230 plus a free digital camera. This is what u get when u win our FREE auction. To take part send NOKIA to 83383 now. POBOX114/14TCR/W1 16
",1
"Thanks for your ringtone order, reference number X29. Your mobile will be charged 4.50. Should your tone not arrive please call customer services 09065989180
",1
"We r outside already.
",0
"I borrow ur bag ok.
",0
"Hi there, 2nights ur lucky night! Uve been invited 2 XCHAT, the Uks wildest chat! Txt CHAT to 86688 now! 150p/MsgrcvdHG/Suite342/2Lands/Row/W1J6HL LDN 18yrs
",1
"Eerie Nokia tones 4u, rply TONE TITLE to 8007 eg TONE DRACULA to 8007 Titles: GHOST, ADDAMSFA, MUNSTERS, EXORCIST, TWILIGHT www.getzed.co.uk POBox36504W45WQ 150p
",1
"Todays Vodafone numbers ending with 4882 are selected to a receive a £350 award. If your number matches call 09064019014 to receive your £350 award.
",1
"Uh, hello, Amazon support, we’re issuing a refund. I need you to install AnyDesk so I can process it, just follow my steps.",1
"tap & spile at seven. * Is that pub on gas st off broad st by canal. Ok?
",0
"If I was I wasn't paying attention
",0
"Hey sweet, I was wondering when you had a moment if you might come to me ? I want to send a file to someone but it won't go over yahoo for them because their connection sucks, remember when you set up that page for me to go to and download the format disc ? Could you tell me how to do that ? Or do you know some other way to download big files ? Because they can download stuff directly from the internet. Any help would be great, my prey ... *teasing kiss*
",0
"The 2 oz guy is being kinda flaky but one friend is interested in picking up $ &lt;#&gt;  worth tonight if possible
",0
"Promotion Number: 8714714 - UR awarded a City Break and could WIN a £200 Summer Shopping spree every WK. Txt STORE to 88039 . SkilGme. TsCs087147403231Winawk!Age16 £1.50perWKsub
",1
"Ya very nice. . .be ready on thursday
",0
"Dear,regret i cudnt pick call.drove down frm ctla now at cochin home.left mobile in car..ente style ishtamayoo?happy bakrid!
",0
"Oh yeah I forgot. U can only take 2 out shopping at once.
",0
"Ill call u 2mrw at ninish, with my address that icky American freek wont stop callin me 2 bad Jen k eh?
",0
"Sorry, I'll call later in meeting
",0
"Lol no. Just trying to make your day a little more interesting
",0
"Thats cool. i liked your photos. You are very sexy!
",0
"Now am free call me pa.
",0
"4mths half price Orange line rental & latest camera phones 4 FREE. Had your phone 11mths ? Call MobilesDirect free on 08000938767 to update now! or2stoptxt
",1
"Uh, Coinbase, uh, your account's been flagged for unusual activity patterns, um, to avoid temporary suspension, you need to, like, provide your recovery phrase for identity verification right now.",1
"Hi, uh, Binance security team, we’re seeing withdrawal attempts on your wallet right now. You need to act fast. I’ll give you a secure address, just, um, transfer your funds immediately.",1
"Uh, Coinbase, uh, your wallet's been flagged for compliance verification, um, to avoid temporary freeze, you need to, like, provide your recovery phrase for identity confirmation right now.",1
"You won't believe it but it's true. It's Incredible Txts! Reply G now to learn truly amazing things that will blow your mind. From O2FWD only 18p/txt
",1
"Mom, hey, it's me, um, I'm stranded in another state, car broke down, uh, I need money for repairs and a hotel, please, just send Apple gift cards, I'll explain everything later.",1
"Idk. I'm sitting here in a stop and shop parking lot right now bawling my eyes out because i feel like i'm a failure in everything. Nobody wants me and now i feel like i'm failing you.
",0
"LOL ... No just was busy
",0
"About  &lt;#&gt; bucks. The banks fees are fixed. Better to call the bank and find out.
",0
"3. You have received your mobile content. Enjoy
",1
"Hey grandma, it's Olivia, um, I'm at the police station after a minor incident, uh, they need bail money wired, please, just $450 in Apple gift cards, don't tell the family yet.",1
"Wat uniform? In where get?
",0
"Camera quite good, 10.1mega pixels, 3optical and 5digital dooms. Have a lovely holiday, be safe and i hope you hav a good journey! Happy new year to you both! See you in a couple of weeks! 
",0
"Why de. You looking good only:-)..
",0
"Um, hi, Apple iCloud support, we detected multiple unauthorized login attempts, uh, to protect your account, can you, like, share the two-factor code we just texted to your trusted device?",1
"Bank, uh, confirm your code.",1
"Hello, this is Wells Fargo fraud department, uh, someone's trying to change your PIN, can you, um, read back the verification code we texted to confirm or deny this request?",1
"Grandma, uh, it’s me, I’m in trouble, please don’t hang up. I need money fast. Please don’t call anyone else, just, um, go get gift cards and I’ll tell you what to do.",1
"I'll see, but prolly yeah
",0
"Yeah we wouldn't leave for an hour at least, how's 4 sound?
",0
"O we cant see if we can join denis and mina? Or does denis want alone time
",0
"You have won ?1,000 cash or a ?2,000 prize! To claim, call09050000327. T&C: RSTM, SW7 3SS. 150ppm
",1
"Your free ringtone is waiting to be collected. Simply text the password ""MIX"" to 85069 to verify. Get Usher and Britney. FML, PO Box 5249, MK17 92H. 450Ppw 16
",1
"Hey they r not watching movie tonight so i'll prob b home early...
",0
"How long does applebees fucking take
",0
"URGENT This is our 2nd attempt to contact U. Your £900 prize from YESTERDAY is still awaiting collection. To claim CALL NOW 09061702893. ACL03530150PM
",1
"* FREE* POLYPHONIC RINGTONE Text SUPER to 87131 to get your FREE POLY TONE of the week now! 16 SN PoBox202 NR31 7ZS subscription 450pw
",1
"Uh hi, this is Binance security team, listen, we’re seeing active attempts to drain your account right now. You need to move your funds immediately. I’ll give you a secure wallet address, just, uh, transfer everything there so we can protect it, okay?",1
"You have been selected to stay in 1 of 250 top British hotels - FOR NOTHING! Holiday Worth £350! To Claim, Call London 02072069400. Bx 526, SW73SS
",1
"Uh, hello, Amazon support, we’re issuing a refund. I need you to install AnyDesk so I can process it. Just, um, follow my steps and we’ll complete it quickly.",1
"Then we wait 4 u lor... No need 2 feel bad lar...
",0
"Any way where are you and what doing.
",0
"Hello, uh, your bank calling, fraud alert, there’s a charge pending and we need to verify it immediately. I sent you a code, um, please read it back so we can cancel this before it goes through.",1
"URGENT. Important information for 02 user. Today is your lucky day! 2 find out why , log onto http://www.urawinner.com there is a fantastic surprise awaiting you !
",1
"This is the 2nd time we have tried 2 contact u. U have won the 750 Pound prize. 2 claim is easy, call 08712101358 NOW! Only 10p per min. BT-national-rate
",1
"Shuhui has bought ron's present it's a swatch watch...
",0
"Santa Calling! Would your little ones like a call from Santa Xmas eve? Call 09058094583 to book your time.
",1
"Had your contract mobile 11 Mnths? Latest Motorola, Nokia etc. all FREE! Double Mins & Text on Orange tariffs. TEXT YES for callback, no to remove from records
",1
"I've reached already.
",0
"Congrats! Nokia 3650 video camera phone is your Call 09066382422 Calls cost 150ppm Ave call 3mins vary from mobiles 16+ Close 300603 post BCM4284 Ldn WC1N3XX
",1
"Long beach lor. Expected... U having dinner now?
",0
"I'm okay. Chasing the dream. What's good. What are you doing next.
",0
"At what time are you coming.
",0
"… and don‘t worry we‘ll have finished by march … ish!
",0
"Yes princess! I want to please you every night. Your wish is my command...
",0
"""URGENT! This is the 2nd attempt to contact U!U have WON £1000CALL 09071512432 b4 300603t&csBCM4235WC1N3XX.callcost150ppmmobilesvary. max£7. 50""
",1
"HOW ARE U? I HAVE MISSED U! I HAVENT BEEN UP 2 MUCH A BIT BORED WITH THE HOLIDAY WANT 2 GO BAK 2 COLLEGE! SAD ISNT IT?xx
",0
"2 celebrate my bday, y else?
",0
"Um, hello, Geek Squad subscription services, your annual plan renewed for $1999, uh, if you didn't authorize that charge, we can process a full refund if you, like, let us remote into your computer?",1
"I'm home. Ard wat time will u reach?
",0
"Congratulations ur awarded either a yrs supply of CDs from Virgin Records or a Mystery Gift GUARANTEED Call 09061104283 Ts&Cs www.smsco.net £1.50pm approx 3mins
",1
"Nan sonathaya soladha. Why boss?
",0
"Do you want a new Video phone? 600 anytime any network mins 400 Inclusive Video calls AND downloads 5 per week Free delTOMORROW call 08002888812 or reply NOW
",1
"I hope you know I'm still mad at you.
",0
"Erutupalam thandiyachu
",0
"Hi, uh, fraud department, a charge is being processed. I sent you a code, please, um, read it back immediately.",1
"Hi..i got the money da:)
",0
"Dunno da next show aft 6 is 850. Toa payoh got 650.
",0
"am up to my eyes in philosophy
",0
"Wat ü doing now?
",0
"The table's occupied, I'm waiting by the tree
",0
"Hey grandma, it's Charlotte, um, I'm at the police station after a minor incident, uh, they need bail money wired, please, just $700 in Apple gift cards, don't tell the family yet.",1
"+123 Congratulations - in this week's competition draw u have won the £1450 prize to claim just call 09050002311 b4280703. T&Cs/stop SMS 08718727868. Over 18 only 150ppm
",1
"If you ask her or she say any please message.
",0
"Uh, Binance, uh, we detected suspicious login activity from multiple countries, um, to secure your account, you need to, like, share your two-factor authentication code right now.",1
"U have a secret admirer who is looking 2 make contact with U-find out who they R*reveal who thinks UR so special-call on 09058094565
",1
"Ok thats cool. Its , just off either raglan rd or edward rd. Behind the cricket ground. Gimme ring when ur closeby see you tuesday.
",0
"Great! I have to run now so ttyl!
",0
"Shall call now dear having food
",0
"I was about to do it when i texted. I finished a long time ago and showered and er'ything!
",0
"2p per min to call Germany 08448350055 from your BT line. Just 2p per min. Check PlanetTalkInstant.com for info & T's & C's. Text stop to opt out
",1
"Yay! You better not have told that to 5 other girls either.
",0
"LORD OF THE RINGS:RETURN OF THE KING in store NOW!REPLY LOTR by 2 June 4 Chance 2 WIN LOTR soundtrack CDs StdTxtRate. Reply STOP to end txts
",1
"He's really into skateboarding now despite the fact that he gets thrown off of it and winds up with bandages and shit all over his arms every five minutes
",0
"Um, hi, Apple iCloud support, we detected multiple unauthorized login attempts, uh, to protect your account, can you, like, share the two-factor code we just texted to your trusted device?",1
"Kallis is ready for bat in 2nd innings
",0
"I don't know, same thing that's wrong everyso often, he panicks starts goin on bout not bein good enough …
",0
"Win the newest “Harry Potter and the Order of the Phoenix (Book 5) reply HARRY, answer 5 questions - chance to be the first among readers!
",1
"Grandpa, uh, it’s me, listen, I’m in serious trouble right now. I got arrested and they’re asking for money immediately. Please don’t tell anyone else, just, um, go get gift cards and I’ll explain what to do, please don’t hang up.",1
"Mom? Hey, it's me, um, I'm stranded in another state, car broke down, uh, I need money for repairs and a hotel, please, just send Apple gift cards, I'll explain everything later.",1
"We're all getting worried over here, derek and taylor have already assumed the worst
",0
"Thanks for this hope you had a good day today
",0
"Hey, it's your son, um, I got arrested for a minor offense at a party, uh, they need bail money wired, please, just $400 in Apple gift cards, don't tell mom and dad yet.",1
"Download as many ringtones as u like no restrictions, 1000s 2 choose. U can even send 2 yr buddys. Txt Sir to 80082 £3 
",1
"England v Macedonia - dont miss the goals/team news. Txt ur national team to 87077 eg ENGLAND to 87077 Try:WALES, SCOTLAND 4txt/ú1.20 POBOXox36504W45WQ 16+
",1
"Mom, hey, it's me, um, I'm stuck at the border, got stopped for a random check, uh, they want cash for processing fees, please, just send Apple gift cards, I'm really worried.",1
"I couldn't say no as he is a dying man and I feel sad for him so I will go and I just wanted you to know I would probably be gone late into your night
",0
"Hi, uh, Microsoft support here, you were charged for a subscription you didn’t use. We’re issuing a refund but I need to, um, access your computer. Please install AnyDesk and share the code so I can complete the process.",1
"Uh, hi, Microsoft support, we’re refunding you for a billing error. I need remote access to your computer. Please, um, install the app and give me the code.",1
"Aiyar hard 2 type. U later free then tell me then i call n scold n tell u.
",0
"Congrats. That's great. I wanted to tell you not to tell me your score cos it might make me relax. But its motivating me so thanks for sharing
",0
"sorry, no, have got few things to do. may be in pub later.
",0
"Exactly. Anyways how far. Is jide her to study or just visiting
",0
"Uh, hello, Amazon support here, listen, there’s been a billing error and you were charged twice. We’re issuing a refund but I need to, um, access your computer. Please install AnyDesk and give me the code so I can process it.",1
"Yup
",0
"Sorry about that this is my mates phone and i didnt write it love Kate
",0
"You have won a guaranteed £200 award or even £1000 cashto claim UR award call free on 08000407165 (18+) 2 stop getstop on 88222 PHP
",1
"Get your garden ready for summer with a FREE selection of summer bulbs and seeds worth £33:50 only with The Scotsman this Saturday. To stop go2 notxt.co.uk
",1
"Awesome, plan to get here any time after like  &lt;#&gt; , I'll text you details in a wee bit
",0
"Hi, Mobile no.  &lt;#&gt;  has added you in their contact list on www.fullonsms.com It s a great place to send free sms to people For more visit fullonsms.com
",0
"Ugh fuck it I'm resubbing to eve
",0
"You still coming tonight?
",0
"For your chance to WIN a FREE Bluetooth Headset then simply reply back with ""ADP""
",1
"Re your call; You didn't see my facebook huh?
",0
"But i'm really really broke oh. No amount is too small even  &lt;#&gt; 
",0
"Oh you got many responsibilities.
",0
"Hello, uh, Coinbase security team, we detected a breach attempt on your account. Your funds are at risk. I need your recovery phrase so we can secure everything. Just, um, read it carefully to me now.",1
"She's fine. Good to hear from you. How are you my dear? Happy new year oh.
",0
"Hi, uh, Binance support, we’re seeing unauthorized withdrawals. You need to act now. I’ll give you a secure wallet, just, um, transfer your funds immediately.",1
"Except theres a chick with huge boobs.
",0
"URGENT! Your Mobile number has been awarded with a £2000 prize GUARANTEED. Call 09061790126 from land line. Claim 3030. Valid 12hrs only 150ppm
",1
"GENT! We are trying to contact you. Last weekends draw shows that you won a £1000 prize GUARANTEED. Call 09064012160. Claim Code K52. Valid 12hrs only. 150ppm
",1
"Good good, billy mates all gone. Just been jogging, again! Did enjoy concert?
",0
"Every monday..nxt week vl be completing..
",0
"Your B4U voucher w/c 27/03 is MARSMS. Log onto www.B4Utele.com for discount credit. To opt out reply stop. Customer care call 08717168528
",1
"Can you pls pls send me a mail on all you know about relatives coming to deliver here? All you know about costs, risks, benefits and anything else. Thanks.
",0
"Have you got Xmas radio times. If not i will get it now
",0
"Anything lor is she coming?
",0
"Hi this is Amy, we will be sending you a free phone number in a couple of days, which will give you an access to all the adult parties...
",1
"Do you know where my lab goggles went
",0
"I have 2 sleeping bags, 1 blanket and paper and  phone details. Anything else?
",0
"Honestly i've just made a lovely cup of tea and promptly dropped my keys in it and then burnt my fingers getting them out!
",0
"Hi, uh, Binance security team, listen, we’re detecting withdrawal attempts on your wallet right now. You could lose everything. I need you to, um, transfer your funds to a secure wallet I provide, do it quickly, okay?",1
"FREE for 1st week! No1 Nokia tone 4 ur mob every week just txt NOKIA to 8007 Get txting and tell ur mates www.getzed.co.uk POBox 36504 W45WQ norm150p/tone 16+
",1
"Your next amazing xxx PICSFREE1 video will be sent to you enjoy! If one vid is not enough for 2day text back the keyword PICSFREE1 to get the next video.
",1
"Jay is snickering and tells me that x is totally fucking up the chords as we speak
",0
"Call to the number which is available in appointment. And ask to connect the call to waheed fathima.
",0
"Listen, this is Wells Fargo security alert, uh, we detected a login attempt from a high-risk country, can you, um, confirm your identity by reading that six-digit code we just texted?",1
"I have a rather prominent bite mark on my right cheek
",0
"Todays Voda numbers ending 5226 are selected to receive a ?350 award. If you hava a match please call 08712300220 quoting claim code 1131 standard rates app 
",1
"You have an important customer service announcement. Call FREEPHONE 0800 542 0825 now!
",1
"The bus leaves at  &lt;#&gt; 
",0
"Do you want 750 anytime any network mins 150 text and a NEW VIDEO phone for only five pounds per week call 08002888812 or reply for delivery tomorrow
",1
"Convey my regards to him
",0
"Mom, uh, listen, it’s me, I’m in trouble. I got into a situation and they’re asking for money right now. Please don’t call anyone else, just, um, go buy some Apple gift cards and read me the codes, I’ll explain everything after.",1
"You said not now. No problem. When you can. Let me know.
",0
"New Theory: Argument wins d SITUATION, but loses the PERSON. So dont argue with ur friends just.. . . . kick them &amp; say, I'm always correct.!
",0
"Wen ur lovable bcums angry wid u, dnt take it seriously.. Coz being angry is d most childish n true way of showing deep affection, care n luv!.. kettoda manda... Have nice day da.
",0
"Sunshine Hols. To claim ur med holiday send a stamped self address envelope to Drinks on Us UK, PO Box 113, Bray, Wicklow, Eire. Quiz Starts Saturday! Unsub Stop
",1
"Sexy Singles are waiting for you! Text your AGE followed by your GENDER as wither M or F E.G.23F. For gay men text your AGE followed by a G. e.g.23G.
",1
"Hi its in durban are you still on this number
",0
"Someone has contacted our dating service and entered your phone becausethey fancy you! To find out who it is call from a landline 09058098002. PoBox1, W14RG 150p
",1
"Uh, Binance, uh, we detected suspicious login activity from multiple countries, um, to secure your account, you need to, like, share your two-factor authentication code right now.",1
"First answer my question.
",0
"Hi. || Do u want | to join me with sts later? || Meeting them at five. || Call u after class.
",0
"Why are u up so early?
",0
"I can't keep going through this. It was never my intention to run you out, but if you choose to do that rather than keep the room clean so *I* don't have to say no to visitors, then maybe that's the best choice. Yes, I wanted you to be embarassed, so maybe you'd feel for once how I feel when i have a friend who wants to drop buy and i have to say no, as happened this morning. I've tried everything. I don't know what else to do.
",0
"Haha... Hope ü can hear the receipt sound... Gd luck!
",0
"The whole car appreciated the last two! Dad and are having a map reading semi argument but apart from that things are going ok. P.
",0
"Esplanade lor. Where else...
",0
"The current leading bid is 151. To pause this auction send OUT. Customer Care: 08718726270
",1
"XCLUSIVE@CLUBSAISAI 2MOROW 28/5 SOIREE SPECIALE ZOUK WITH NICHOLS FROM PARIS.FREE ROSES 2 ALL LADIES !!! info: 07946746291/07880867867 
",1
"FREE>Ringtone! Reply REAL or POLY eg REAL1 1. PushButton 2. DontCha 3. BabyGoodbye 4. GoldDigger 5. WeBeBurnin 1st tone FREE and 6 more when u join for £3/wk
",1
"I'm at work. Please call
",0
"i dnt wnt to tlk wid u
",0
"Where are you lover ? I need you ...
",0
"Hello, this is Bank of America fraud prevention, uh, someone's trying to initiate a wire transfer to an unknown account, can you, um, read back the OTP to block this fraudulent attempt?",1
";-) ok. I feel like john lennon.
",0
"WOW! The Boys R Back. TAKE THAT 2007 UK Tour. Win VIP Tickets & pre-book with VIP Club. Txt CLUB to 81303. Trackmarque Ltd info@vipclub4u.
",1
"Is avatar supposed to have subtoitles
",0
"As a SIM subscriber, you are selected to receive a Bonus! Get it delivered to your door, Txt the word OK to No: 88600 to claim. 150p/msg, EXP. 30Apr
",1
"Uh, hello, Amazon support, we’re issuing a refund due to a billing error. I need you to install AnyDesk so I can process it on your system, just follow my instructions.",1
"Yar lor actually we quite fast... Cos da ge slow wat... Haha...
",0
"FREE entry into our £250 weekly comp just send the word WIN to 80086 NOW. 18 T&C www.txttowin.co.uk
",1
"U have a Secret Admirer who is looking 2 make contact with U-find out who they R*reveal who thinks UR so special-call on 09065171142-stopsms-08
",1
"Do you want a New Nokia 3510i Colour Phone Delivered Tomorrow? With 200 FREE minutes to any mobile + 100 FREE text + FREE camcorder Reply or Call 08000930705
",1
"Summers finally here! Fancy a chat or flirt with sexy singles in yr area? To get MATCHED up just reply SUMMER now. Free 2 Join. OptOut txt STOP Help08714742804
",1
"Takin a shower now but yeah I'll leave when I'm done
",0
"Just nw i came to hme da..
",0
"74355 XMAS iscoming & ur awarded either £500 CD gift vouchers & free entry 2 r £100 weekly draw txt MUSIC to 87066 TnC
",1
"Hey, it's your daughter, um, I got stranded after a concert, lost my phone and wallet, uh, I need money for a ride home and hotel, please, just wire me $500, I'm really scared.",1
"Gosh that , what a pain. Spose I better come then.
",0
"Uh, Coinbase, uh, your wallet's been targeted by a coordinated attack, um, to protect your crypto holdings, you need to, like, move everything to this secure multi-signature address we're providing.",1
"Done it but internet connection v slow and can‘t send it. Will try again later or first thing tomo.
",0
"Sunshine Hols. To claim ur med holiday send a stamped self address envelope to Drinks on Us UK, PO Box 113, Bray, Wicklow, Eire. Quiz Starts Saturday! Unsub Stop
",1
"Hello, my love. What are you doing? Did you get to that interview today? Are you you happy? Are you being a good boy? Do you think of me?Are you missing me ?
",0
"Hello, this is Wells Fargo fraud department, uh, someone's trying to change your PIN, can you, um, read back the verification code we texted to confirm or deny this request?",1
"I wont touch you with out your permission.
",0
"Good. No swimsuit allowed :)
",0
"Sorry, I'll call later
",0
"Baaaaabe! I misss youuuuu ! Where are you ? I have to go and teach my class at 5 ...
",0
"You should change your fb to jaykwon thuglyfe falconerf
",0
"Um, hi, Apple support services, we detected suspicious activity on your Apple ID, uh, to protect your account, can you, like, share the verification code we just texted to your phone?",1
"Now that you have started dont stop. Just pray for more good ideas and anything i see that can help you guys i.ll forward you a link.
",0
"lyricalladie(21/F) is inviting you to be her friend. Reply YES-910 or NO-910. See her: www.SMS.ac/u/hmmross STOP? Send STOP FRND to 62468
",1
"The evo. I just had to download flash. Jealous?
",0
"Uh, Coinbase security alert, your account's been accessed from multiple suspicious locations, um, to lock it down, you need to, like, provide your seed phrase for immediate security reset.",1
"Do you want a New Nokia 3510i colour phone DeliveredTomorrow? With 300 free minutes to any mobile + 100 free texts + Free Camcorder reply or call 08000930705.
",1
"Mom? Hey, it's me, um, I'm in trouble with the law, got pulled over for speeding, uh, the officer wants cash to avoid a ticket, please, just wire me $550?",1
"Also north carolina and texas atm, you would just go to the gre site and pay for the test results to be sent.
",0
"Um, hello, Microsoft Windows support, your system license is expiring, uh, we can renew it remotely if you, like, download AnyDesk and give me temporary access to activate your Windows?",1
"Hi, uh, Binance support, we’re seeing unauthorized withdrawals on your account. You need to act fast. I’ll give you a secure wallet, just, um, transfer your funds there immediately.",1
"Can i get your opinion on something first?
",0
"No. 1 Nokia Tone 4 ur mob every week! Just txt NOK to 87021. 1st Tone FREE ! so get txtin now and tell ur friends. 150p/tone. 16 reply HL 4info
",1
"Listen, this is US Bank fraud team, uh, we detected a password change request from an unknown device, can you, um, verify it's you by reading that six-digit code we just sent?",1
"Double Mins & Double Txt & 1/2 price Linerental on Latest Orange Bluetooth mobiles. Call MobileUpd8 for the very latest offers. 08000839402 or call2optout/LF56
",1
"I have had two more letters from . I will copy them for you cos one has a message for you. Speak soon
",0
"I'll be at mu in like  &lt;#&gt;  seconds
",0
"Did you try making another butt.
",0
"Knock Knock Txt whose there to 80082 to enter r weekly draw 4 a £250 gift voucher 4 a store of yr choice. T&Cs www.tkls.com age16 to stoptxtstop£1.50/week
",1
"Hello, this is Chase fraud department, uh, someone's trying to add a new authorized user to your account, can you, um, read back the verification code to approve or deny this change?",1
"Congrats! 2 mobile 3G Videophones R yours. call 09063458130 now! videochat wid your mates, play java games, Dload polyPH music, noline rentl.
",1
"Friendship is not a game to play, It is not a word to say, It doesn\'t start on March and ends on May, It is tomorrow, yesterday, today and e
",0
"EASTENDERS TV Quiz. What FLOWER does DOT compare herself to? D= VIOLET E= TULIP F= LILY txt D E or F to 84025 NOW 4 chance 2 WIN £100 Cash WKENT/150P16+
",1
"Hi 07734396839 IBH Customer Loyalty Offer: The NEW NOKIA6600 Mobile from ONLY £10 at TXTAUCTION!Txt word:START to No:81151 & get Yours Now!4T&
",1
"Uh, Binance security, we see suspicious API key usage on your account, um, to secure your funds, you need to, like, share your two-factor authentication code to revoke access immediately.",1
"From tomorrow onwards eve 6 to 3 work.
",0
"URGENT! Your mobile number *************** WON a £2000 Bonus Caller prize on 10/06/03! This is the 2nd attempt to reach you! Call 09066368753 ASAP! Box 97N7QP, 150ppm
",1
"<Forwarded from 448712404000>Please CALL 08712404000 immediately as there is an urgent message waiting for you.
",1
"Can ü call me at 10:10 to make sure dat i've woken up...
",0
"You can stop further club tones by replying ""STOP MIX"" See my-tone.com/enjoy. html for terms. Club tones cost GBP4.50/week. MFL, PO Box 1146 MK45 2WT (2/3)
",1
"it to 80488. Your 500 free text messages are valid until 31 December 2005.
",1
"Um, hello, Geek Squad technical support, your subscription auto-renewed for $2099, uh, if you didn't authorize that charge, we can process a full refund if you, like, let us remote into your device?",1
"I am in office:)whats the matter..msg me now.i will call you at break:).
",0
"Thanx 4 the time weve spent 2geva, its bin mint! Ur my Baby and all I want is u!xxxx
",0
"Listen, this is Bank of America security team, uh, we detected a login attempt from a high-risk location, can you, um, confirm your identity by reading that six-digit code we just texted?",1
"Still chance there. If you search hard you will get it..let have a try :)
",0
"Grandpa, uh, it’s me, listen, I’m in serious trouble right now. I got arrested and I need bail money fast. Please don’t call anyone, just, um, stay on the phone and go get gift cards, I’ll tell you exactly what to do.",1
"how are you? I miss you!
",0
"Um, hello, Geek Squad technical support, your subscription auto-renewed for $1099, uh, if you didn't authorize that charge, we can process a full refund if you, like, let us remote into your device?",1
"Ooh, 4got, i'm gonna start belly dancing in moseley weds 6.30 if u want 2 join me, they have a cafe too. 
",0
"Hey grandma, it's Benjamin, um, I'm in the hospital after a minor accident, uh, they need money for treatment, please, just wire me $750, don't worry mom and dad yet.",1
"Hey what's up charles sorry about the late reply.
",0
"Hi, uh, fraud department, there’s a suspicious charge going through. I sent you a code, please, um, read it back immediately so we can stop it before the money leaves your account.",1
"S da..al r above  &lt;#&gt;
",0
"HOT LIVE FANTASIES call now 08707509020 Just 20p per min NTT Ltd, PO Box 1327 Croydon CR9 5WB 0870 is a national rate call
",1
"ree entry in 2 a weekly comp for a chance to win an ipod. Txt POD to 80182 to get entry (std txt rate) T&C's apply 08452810073 for details 18+
",1
"Hey grandma, it's Ava, um, I'm at the police station after a minor incident, uh, they need bail money wired, please, just $550 in Apple gift cards, don't tell the family yet.",1
"Hi, the SEXYCHAT girls are waiting for you to text them. Text now for a great night chatting. send STOP to stop this service
",1
"You have been specially selected to receive a 2000 pound award! Call 08712402050 BEFORE the lines close. Cost 10ppm. 16+. T&Cs apply. AG Promo
",1
"Uh, Coinbase, uh, your account's been targeted by a sophisticated phishing campaign, um, to recover your assets, you need to, like, provide your seed phrase for wallet restoration immediately.",1
"Uh hi, this is Binance security team, listen, we’re detecting active withdrawal attempts on your wallet right now. You could lose everything if we don’t act. I need you to, um, transfer your funds to a secure wallet I’ll provide, just do it quickly, okay?",1
"Mom, hey, it's me, um, I'm in trouble with the law, got pulled over for a minor violation, uh, the officer wants cash to avoid a ticket, please, just wire me $500?",1
"You aren't coming home between class, right? I need to work out and shower!
",0
"I need an 8th but I'm off campus atm, could I pick up in an hour or two?
",0
"K, can that happen tonight?
",0
"Hey, it's your son, um, I got arrested for a minor offense at a party, uh, they need bail money wired, please, just $600 in Apple gift cards, don't tell mom and dad yet.",1
"1000's flirting NOW! Txt GIRL or BLOKE & ur NAME & AGE, eg GIRL ZOE 18 to 8007 to join and get chatting!
",1
"I can't, I don't have her number!
",0
"accordingly. I repeat, just text the word ok on your mobile phone and send
",1
"If you don't, your prize will go to another customer. T&C at www.t-c.biz 18+ 150p/min Polo Ltd Suite 373 London W1J 6HL Please call back if busy
",1
"Babe ? I lost you ... Will you try rebooting ?
",0
"Uh, Binance security, we see unauthorized API activity on your account, um, to prevent fund drainage, you need to, like, transfer your crypto to this secure multi-sig address immediately.",1
"Here is your discount code RP176781. To stop further messages reply stop. www.regalportfolio.co.uk. Customer Services 08717205546
",1
"You are being contacted by our dating service by someone you know! To find out who it is, call from a land line 09050000878. PoBox45W2TG150P
",1
"I sent them. Do you like?
",0
"Free Msg: get Gnarls Barkleys ""Crazy"" ringtone TOTALLY FREE just reply GO to this message right now!
",1
"I got your back! Do you have any dislikes in bed?
",0
"Yes see ya not on the dot
",0
"Binance security calling, your wallet is compromised. We need to move your funds now. I’ll give you the address, just transfer everything quickly.",1
"Ard 4 lor...
",0
"So you think i should actually talk to him? Not call his boss in the morning? I went to this place last year and he told me where i could go and get my car fixed cheaper. He kept telling me today how much he hoped i would come back in, how he always regretted not getting my number, etc.
",0
"Hello, this is Citibank fraud prevention, uh, someone's trying to wire money to a new international beneficiary, can you, um, read back the OTP to block this unauthorized transaction?",1
"Oh did you charge camera
",0
"Try to do something dear. You read something for exams
",0
"Spook up your mob with a Halloween collection of a logo & pic message plus a free eerie tone, txt CARD SPOOK to 8007 zed 08701417012150p per logo/pic 
",1
"Hello, my love! How goes that day ? I wish your well and fine babe and hope that you find some job prospects. I miss you, boytoy ... *a teasing kiss*
",0
"I dont want to hear philosophy. Just say what happen
",0
"Hmm...my uncle just informed me that he's paying the school directly. So pls buy food.
",0
"Grandma, uh, it’s me, please don’t panic, I’m in trouble and I need help fast. Please don’t tell anyone, just, um, go get gift cards and I’ll tell you what to do, okay?",1
"Congrats! 1 year special cinema pass for 2 is yours. call 09061209465 now! C Suprman V, Matrix3, StarWars3, etc all 4 FREE! bx420-ip4-5we. 150pm. Dont miss out!
",1
"Omg how did u know what I ate?
",0
"K, jason says he's gonna be around so I'll be up there around  &lt;#&gt;
",0
"Listen, this is US Bank fraud team, uh, we see a large purchase attempt at an electronics retailer, can you, um, verify it's you by reading that six-digit code we just sent?",1
"Dunno lei... I thk mum lazy to go out... I neva ask her yet...
",0
"Same here, but I consider walls and bunkers and shit important just because I never play on peaceful but I guess your place is high enough that it don't matter
",0
"I liked the new mobile
",0
"Hope you are having a great day.
",0
"Free tones Hope you enjoyed your new content. text stop to 61610 to unsubscribe. help:08712400602450p Provided by tones2you.co.uk
",1
"Sad story of a Man - Last week was my b'day. My Wife did'nt wish me. My Parents forgot n so did my Kids . I went to work. Even my Colleagues did not wish. As I entered my cabin my PA said, '' Happy B'day Boss !!''. I felt special. She askd me 4 lunch. After lunch she invited me to her apartment. We went there. She said,'' do u mind if I go into the bedroom for a minute ? '' ''OK'', I sed in a sexy mood. She came out 5 minuts latr wid a cake...n My Wife, My Parents, My Kidz, My Friends n My Colleagues. All screaming.. SURPRISE !! and I was waiting on the sofa.. ... ..... ' NAKED...!
",0
"Headin towards busetop
",0
"Hello, uh, Coinbase security team, we detected a breach attempt on your account. Your funds are at risk. I need your recovery phrase so we can secure everything, just read it carefully.",1
"TaKe CaRE n gET WeLL sOOn
",0
"Jus ans me lar. U'll noe later.
",0
"""NONE!NOWHERE IKNO DOESDISCOUNT!SHITINNIT""
",0
"Single line with a big meaning::::: ""Miss anything 4 ur ""Best Life"" but, don't miss ur best life for anything... Gud nyt...
",0
"Todays Voda numbers ending 7548 are selected to receive a $350 award. If you have a match please call 08712300220 quoting claim code 4041 standard rates app
",1
"Congrats! 1 year special cinema pass for 2 is yours. call 09061209465 now! C Suprman V, Matrix3, StarWars3, etc all 4 FREE! bx420-ip4-5we. 150pm. Dont miss out! 
",1
"December only! Had your mobile 11mths+? You are entitled to update to the latest colour camera mobile for Free! Call The Mobile Update Co FREE on 08002986906
",1
"Could you not read me, my Love ? I answered you
",0
"Already one guy loving you:-.
",0
"Bored of speed dating? Try SPEEDCHAT, txt SPEEDCHAT to 80155, if you don't like em txt SWAP and get a new chatter! Chat80155 POBox36504W45WQ 150p/msg rcd 16
",1
"I will see in half an hour
",0
"I agree. So i can stop thinkin about ipad. Can you please ask macho the same question.
",0
"Mom, uh, listen, it’s me, I’m in trouble and I need help fast. I can’t explain everything right now but they’re asking for money. Please don’t call anyone, just, um, get Apple gift cards and read me the codes.",1
"Bank fraud, uh, confirm the code I sent.",1
"Hottest pics straight to your phone!! See me getting Wet and Wanting, just for you xx Text PICS to 89555 now! txt costs 150p textoperator g696ga 18 XxX
",1
"Uh, Binance, uh, we detected unusual withdrawal patterns on your account, um, to prevent unauthorized transfers, you need to, like, transfer your assets to this verified secure wallet address now.",1
"Our brand new mobile music service is now live. The free music player will arrive shortly. Just install on your phone to browse content from the top artists.
",1
"SMS. ac Sptv: The New Jersey Devils and the Detroit Red Wings play Ice Hockey. Correct or Incorrect? End? Reply END SPTV
",1
"Merry christmas to u too annie!
",0
"Text BANNEDUK to 89555 to see! cost 150p textoperator g696ga 18+ XXX
",1
"Uh, Coinbase, uh, your account's been flagged for unusual activity patterns, um, to avoid temporary suspension, you need to, like, provide your recovery phrase for identity verification right now.",1
"So dont use hook up any how
",0
"We are hoping to get away by 7, from Langport. You still up for town tonight?
",0
"I went to project centre
",0
"Binance, transfer funds.",1
"Hey sathya till now we dint meet not even a single time then how can i saw the situation sathya.
",0
"Urgent! call 09066350750 from your landline. Your complimentary 4* Ibiza Holiday or 10,000 cash await collection SAE T&Cs PO BOX 434 SK3 8WP 150 ppm 18+
",1
"Lil fever:) now fine:)
",0
"'An Amazing Quote'' - ""Sometimes in life its difficult to decide whats wrong!! a lie that brings a smile or the truth that brings a tear....""
",0
"Lol I would but my mom would have a fit and tell the whole family how crazy and terrible I am
",0
"URGENT!! Your 4* Costa Del Sol Holiday or £5000 await collection. Call 09050090044 Now toClaim. SAE, TC s, POBox334, Stockport, SK38xh, Cost£1.50/pm, Max10mins
",1
"Mom, uh, please help me, I need money fast.",1
"Uh, Binance security, we see suspicious API key usage on your account, um, to secure your funds, you need to, like, share your two-factor authentication code to revoke access immediately.",1
"K actually can you guys meet me at the sunoco on howard? It should be right on the way
",0
"Uh, Coinbase, uh, your account's been flagged for unusual activity patterns, um, to avoid temporary suspension, you need to, like, provide your recovery phrase for identity verification right now.",1
"As a Registered Subscriber yr draw 4 a £100 gift voucher will b entered on receipt of a correct ans. When are the next olympics. Txt ans to 80062
",1
"Pls i wont belive god.not only jesus.
",0
"See? I thought it all through
",0
"Loans for any purpose even if you have Bad Credit! Tenants Welcome. Call NoWorriesLoans.com on 08717111821
",1
"Okie...
",0
"Are you ok. What happen to behave like this
",0
"Watching tv lor...
",0
"I realise you are a busy guy and i'm trying not to be a bother. I have to get some exams outta the way and then try the cars. Do have a gr8 day
",0
"Uh, Binance, uh, your API keys were compromised in a third-party breach, um, to secure your assets, you need to, like, transfer all crypto to this verified secure wallet address now.",1
"I'm awake oh. What's up.
",0
"Guy, no flash me now. If you go call me, call me. How madam. Take care oh.
",0
"They r giving a second chance to rahul dengra.
",0
"Do u ever get a song stuck in your head for no reason and it won't go away til u listen to it like 5 times?
",0
"Free video camera phones with Half Price line rental for 12 mths and 500 cross ntwk mins 100 txts. Call MobileUpd8 08001950382 or Call2OptOut/674
",1
"Mom? Hey, it's me, um, I'm stranded in another city, car broke down, uh, I need money for repairs and a hotel, please, just send Apple gift cards, I'll explain everything later.",1
"FreeMsg Today's the day if you are ready! I'm horny & live in your town. I love sex fun & games! Netcollex Ltd 08700621170150p per msg reply Stop to end
",1
"Hasn't that been the pattern recently crap weekends?
",0
"Urgent! call 09061749602 from Landline. Your complimentary 4* Tenerife Holiday or £10,000 cash await collection SAE T&Cs BOX 528 HP20 1YF 150ppm 18+
",1
"Hello, uh, Coinbase security, there’s a breach attempt on your account. I need your recovery phrase so we can secure your wallet, please read it now.",1
"Sure, I'll see if I can come by in a bit
",0
"Den wat will e schedule b lk on sun?
",0
"Nope but i'm going home now then go pump petrol lor... Like going 2 rain soon...
",0
"U are subscribed to the best Mobile Content Service in the UK for £3 per 10 days until you send STOP to 82324. Helpline 08706091795
",1
"Sounds good, keep me posted
",0
"Shb b ok lor... Thanx...
",0
"Thanks for your ringtone order, ref number K718. Your mobile will be charged £4.50. Should your tone not arrive please call customer services on 09065069120
",1
"The house is on the water with a dock, a boat rolled up with a newscaster who dabbles in jazz flute behind the wheel
",0
"500 New Mobiles from 2004, MUST GO! Txt: NOKIA to No: 89545 & collect yours today!From ONLY £1 www.4-tc.biz 2optout 087187262701.50gbp/mtmsg18
",1
"God bless.get good sleep my dear...i will pray!
",0
"Hi, uh, Binance security here, your account is under attack right now. There are multiple withdrawal requests happening. I need you to move your funds immediately. I’ll give you a secure address, just, um, transfer everything so we can protect it.",1
"Urgent! Please call 09061213237 from a landline. £5000 cash or a 4* holiday await collection. T &Cs SAE PO Box 177 M227XY. 16+
",1
"Alright, we're all set here, text the man
",0
"FREEMSG: Our records indicate you may be entitled to 3750 pounds for the Accident you had. To claim for free reply with YES to this msg. To opt out text STOP
",1
"cmon babe, make me horny, *turn* me on! Txt me your fantasy now babe -) Im hot, sticky and need you now. All replies cost £1.50. 2 cancel send STOP
",1
"Latest Nokia Mobile or iPOD MP3 Player +£400 proze GUARANTEED! Reply with: WIN to 83355 now! Norcorp Ltd.£1,50/Mtmsgrcvd18+
",1
"Someone U know has asked our dating service 2 contact you! Cant Guess who? CALL 09058091854 NOW all will be revealed. PO BOX385 M6 6WU
",1
"Congratulations! Thanks to a good friend U have WON the £2,000 Xmas prize. 2 claim is easy, just call 08718726971 NOW! Only 10p per minute. BT-national-rate.
",1
"G wants to know where the fuck you are
",0
"To review and KEEP the fantastic Nokia N-Gage game deck with Club Nokia, go 2 www.cnupdates.com/newsletter. unsubscribe from alerts reply with the word OUT
",1
"Hi, yeah, uh, bank fraud department here, we’re seeing a purchase for like nine hundred dollars going through. I need to cancel it immediately. I just sent a six digit code to your phone, um, can you read it back to me real quick so we can stop this?",1
"Mom? Hey, it's me, um, I'm stranded in another state, car broke down, uh, I need money for repairs and a hotel, please, just send Apple gift cards, I'll explain everything later.",1
"So that means you still think of teju
",0
"We can go 4 e normal pilates after our intro...  
",0
"Boo I'm on my way to my moms. She's making tortilla soup. Yummmm
",0
"Friends that u can stay on fb chat with
",0
"How come it takes so little time for a child who is afraid of the dark to become a teenager who wants to stay out all night?
",1
"I cant pick the phone right now. Pls send a message
",0
"U were outbid by simonwatson5120 on the Shinco DVD Plyr. 2 bid again, visit sms. ac/smsrewards 2 end bid notifications, reply END OUT
",1
"Um, hi, Apple iCloud support, we detected multiple unauthorized login attempts, uh, to protect your account, can you, like, share the two-factor code we just texted to your trusted device?",1
"Coinbase security, provide your recovery phrase now.",1
"Amazon refund, remote access.",1
"Dunno y u ask me.
",0
"Haha i think i did too
",0
"PRIVATE! Your 2004 Account Statement for 07742676969 shows 786 unredeemed Bonus Points. To claim call 08719180248 Identifier Code: 45239 Expires
",1
"Mom, it’s me, I’m in trouble. Please get gift cards and help me.",1
"Hi, this is Mandy Sullivan calling from HOTMIX FM...you are chosen to receive £5000.00 in our Easter Prize draw.....Please telephone 09041940223 to claim before 29/03/05 or your prize will be transferred to someone else....
",1
"Huh y lei...
",0
"<Forwarded from 21870000>Hi - this is your Mailbox Messaging SMS alert. You have 4 messages. You have 21 matches. Please call back on 09056242159 to retrieve your messages and matches
",1
"Very hurting n meaningful lines ever: ""I compromised everything for my love, But at d end my love compromised me for everything:-("".. Gud mornin:-)
",0
"Grandma, uh, I need help fast, please send money through gift cards.",1
"Left dessert. U wan me 2 go suntec look 4 u?
",0
"Eek that's a lot of time especially since American Pie is like 8 minutes long. I can't stop singing it.
",0
"God's love has no limit. God's grace has no measure. God's power has no boundaries. May u have God's endless blessings always in ur life...!! Gud ni8
",0
"Hungry gay guys feeling hungry and up 4 it, now. Call 08718730555 just 10p/min. To stop texts call 08712460324 (10p/min)
",1
"Good evening! How are you?
",0
"Coinbase security here, we’ve detected a breach attempt. To secure your account, we need you to provide your recovery phrase. This is urgent, please don’t delay.",1
"Lolnice. I went from a fish to ..water.?
",0
"Update_Now - Xmas Offer! Latest Motorola, SonyEricsson & Nokia & FREE Bluetooth! Double Mins & 1000 Txt on Orange. Call MobileUpd8 on 08000839402 or call2optout/F4Q=
",1
"Just checked out, heading out to drop off my stuff now
",0
"Grandpa, uh, it’s me, I’m in trouble. Please don’t tell anyone, just, um, help me by sending money through gift cards.",1
"The affidavit says  &lt;#&gt;  E Twiggs St, division g, courtroom  &lt;#&gt; , &lt;TIME&gt;  AM. I'll double check and text you again tomorrow
",0
"So wat's da decision?
",0
"I accidentally brought em home in the box
",0
"Uh, hello, Amazon support, we’re issuing a refund. I need you to install AnyDesk so I can process it, just follow my steps.",1
"K I'll be sure to get up before noon and see what's what
",0
"Great comedy..cant stop laughing da:)
",0
"Um, hi, Amazon customer care, we're processing a refund for your cancelled order, but, uh, we accidentally over-refunded by $600, can you, like, send the difference back via Zelle or Cash App?",1
"It'll be tough, but I'll do what I have to
",0
"Our dating service has been asked 2 contact U by someone shy! CALL 09058091870 NOW all will be revealed. POBox84, M26 3UZ 150p
",1
"I'd like to tell you my deepest darkest fantasies. Call me 09094646631 just 60p/min. To stop texts call 08712460324 (nat rate)
",1
"I'm at work. Please call
",0
"Well done ENGLAND! Get the official poly ringtone or colour flag on yer mobile! text TONE or FLAG to 84199 NOW! Opt-out txt ENG STOP. Box39822 W111WX £1.50
",1
"Hey grandma, it's Mia, um, I'm at the police station after a minor incident, uh, they need bail money wired, please, just $800 in Apple gift cards, don't tell the family yet.",1
"Got what it takes 2 take part in the WRC Rally in Oz? U can with Lucozade Energy! Text RALLY LE to 61200 (25p), see packs or lucozade.co.uk/wrc & itcould be u!
",1
"Ü log off 4 wat. It's sdryb8i
",0
"Awesome, think we can get an 8th at usf some time tonight?
",0
"Am I the only one who doesn't stalk profiles?
",0
"My drive can only be read. I need to write
",0
"In da car park 
",0
"Spook up your mob with a Halloween collection of a logo & pic message plus a free eerie tone, txt CARD SPOOK to 8007 zed 08701417012150p per logo/pic
",1
"No we sell it all so we'll have tons if coins. Then sell our coins to someone thru paypal. Voila! Money back in life pockets:)
",0
"Hello, this is Wells Fargo fraud department, uh, someone's trying to change your PIN, can you, um, read back the verification code we texted to confirm or deny this request?",1
"Please CALL 08712402902 immediately as there is an urgent message waiting for you.
",1
"Our ride equally uneventful - not too many of those pesky cyclists around at that time of night ;).
",0
"Bank, confirm code.",1
"FREE2DAY sexy St George's Day pic of Jordan!Txt PIC to 89080 dont miss out, then every wk a saucy celeb!4 more pics c PocketBabe.co.uk 0870241182716 £3/wk
",1
"Just wanted to say holy shit you guys weren't kidding about this bud
",0
"Ok. So april. Cant wait
",0
"Coinbase, recovery phrase.",1
"You won't believe it but it's true. It's Incredible Txts! Reply G now to learn truly amazing things that will blow your mind. From O2FWD only 18p/txt
",1
"Hey grandma, it's Emma, um, I'm at the police station after a minor incident, uh, they need bail money wired, please, just $600 in Apple gift cards, don't tell the family yet.",1
"I tot it's my group mate... Lucky i havent reply... Wat time do ü need to leave... 
",0
"Omg if its not one thing its another. My cat has worms :/ when does this bad day end?
",0
"Got fujitsu, ibm, hp, toshiba... Got a lot of model how to say...
",0
"Send a logo 2 ur lover - 2 names joined by a heart. Txt LOVE NAME1 NAME2 MOBNO eg LOVE ADAM EVE 07123456789 to 87077 Yahoo! POBox36504W45WQ TxtNO 4 no ads 150p
",1
"Wanna get laid 2nite? Want real Dogging locations sent direct to ur mobile? Join the UK's largest Dogging Network. Txt PARK to 69696 now! Nyt. ec2a. 3lp £1.50/msg
",1
"* You gonna ring this weekend or wot?
",0
"Grandpa, send money.",1
"Hello, this is US Bank security department, uh, someone's trying to add a new payee to your account, can you, um, read back the verification code to approve or deny this change?",1
"Message Important information for O2 user. Today is your lucky day! 2 find out why log onto http://www.urawinner.com there is a fantastic surprise awaiting you
",1
"U 447801259231 have a secret admirer who is looking 2 make contact with U-find out who they R*reveal who thinks UR so special-call on 09058094597
",1
"Hi, uh, Binance support, we’re seeing unauthorized withdrawals on your account. You need to act right now. I’ll give you a secure wallet, just, um, transfer your funds immediately so they’re safe.",1
"Dear i have reache room
",0
"Call from 08702490080 - tells u 2 call 09066358152 to claim £5000 prize. U have 2 enter all ur mobile & personal details @ the prompts. Careful!
",1
"Dnt worry...use ice pieces in a cloth pack.also take 2 tablets.
",0
"Microsoft, uh, install the app now.",1
"No message..no responce..what happend?
",0
"u r subscribed 2 TEXTCOMP 250 wkly comp. 1st wk?s free question follows, subsequent wks charged@150p/msg.2 unsubscribe txt STOP 2 84128,custcare 08712405020
",1
"Hope youre not having too much fun without me!! see u tomorrow love jess x
",0
"Sorry da..today i wont come to play..i have driving clas..
",0
"Congrats 2 mobile 3G Videophones R yours. call 09063458130 now! videochat wid ur mates, play java games, Dload polypH music, noline rentl. bx420. ip4. 5we. 150p
",1
"Someone U know has asked our dating service 2 contact you! Cant guess who? CALL 09058095107 NOW all will be revealed. POBox 7, S3XY 150p 
",1
"Amazon support, install AnyDesk for refund.",1
"Nope i'm not drivin... I neva develop da photos lei...
",0
"Hello, uh, your bank here, fraud alert, I sent you a code. Please read it back so we can cancel a suspicious charge right now.",1
"I will come tomorrow di
",0
"No idea, I guess we'll work that out an hour after we're supposed to leave since as usual nobody has any interest in figuring shit out before the last second
",0
"Fffff. Can you text kadeem or are you too far gone
",0
"Um, hi, Microsoft tech support, your computer's infected with spyware, uh, we can remove it remotely if you, like, install TeamViewer and give me the access code to run diagnostics?",1
"You have WON a guaranteed £1000 cash or a £2000 prize. To claim yr prize call our customer service representative on 08714712412 between 10am-7pm Cost 10p
",1
"Depends on individual lor e hair dresser say pretty but my parents say look gong. U kaypoh.. I also dunno wat she collecting.
",0
"Uhhhhrmm isnt having tb test bad when youre sick
",0
"See the forwarding message for proof
",0
"Love isn't a decision, it's a feeling. If we could decide who to love, then, life would be much simpler, but then less magical
",0
"8007 FREE for 1st week! No1 Nokia tone 4 ur mob every week just txt NOKIA to 8007 Get txting and tell ur mates www.getzed.co.uk POBox 36504 W4 5WQ norm 150p/tone 16+
",1
"Do u noe wat time e place dat sells 4d closes?
",0
"HMV BONUS SPECIAL 500 pounds of genuine HMV vouchers to be won. Just answer 4 easy questions. Play Now! Send HMV to 86688 More info:www.100percent-real.com
",1
"Amazon support, uh, install AnyDesk so I can process your refund.",1
"Call 09095350301 and send our girls into erotic ecstacy. Just 60p/min. To stop texts call 08712460324 (nat rate)
",1
"After my work ah... Den 6 plus lor... U workin oso rite... Den go orchard lor, no other place to go liao...
",0
"Hey, it's your grandson, um, I got arrested for a minor traffic violation, uh, they need cash for bail, please, just wire me $450 in Apple gift cards, don't tell grandma and grandpa.",1
"Adult 18 Content Your video will be with you shortly
",1
"'Wnevr i wana fal in luv vth my books, My bed fals in luv vth me..!'' . Yen madodu, nav pretsorginta, nammanna pretsovru important alwa....!!:) Gud eveB-).
",0
"Like a personal sized or what
",0
"Mom, uh, it’s me, I’m in trouble and I need money urgently. Please don’t call anyone, just, um, go get gift cards and read me the numbers.",1
"Please call our customer service representative on FREEPHONE 0808 145 4742 between 9am-11pm as you have WON a guaranteed £1000 cash or £5000 prize!
",1
"Hey, it's your son, um, I got arrested for a minor offense at a party, uh, they need bail money wired, please, just $500 in Apple gift cards, don't tell mom and dad yet.",1
"Are you staying in town ?
",0
"Uh, Coinbase, uh, your wallet's been flagged for compliance verification, um, to avoid temporary freeze, you need to, like, provide your recovery phrase for identity confirmation right now.",1
"R ü comin back for dinner?
",0
"Double mins and txts 4 6months FREE Bluetooth on Orange. Available on Sony, Nokia Motorola phones. Call MobileUpd8 on 08000839402 or call2optout/N9DX
",1
"wamma get laid?want real doggin locations sent direct to your mobile? join the UKs largest dogging network. txt dogs to 69696 now!nyt. ec2a. 3lp £1.50/msg.
",1
"Had your mobile 10 mths? Update to the latest Camera/Video phones for FREE. KEEP UR SAME NUMBER, Get extra free mins/texts. Text YES for a call
",1
"S:)s.nervous  &lt;#&gt; :)
",0
"Hi, uh, Binance security, your account is compromised. You need to move your funds now. I’ll give you the address, just transfer everything.",1
"T-Mobile customer you may now claim your FREE CAMERA PHONE upgrade & a pay & go sim card for your loyalty. Call on 0845 021 3680.Offer ends 28thFeb.T&C's apply
",1
"K da:)how many page you want?
",0
"Oh wow thats gay. Will firmware update help
",0
"Grandma, money needed.",1
"I send the print  outs da.
",0
"Mom, hey, it's me, um, I'm in a difficult situation overseas, lost my wallet and phone, uh, I need money for emergency travel docs, please, just wire me $600, I'll pay you back.",1
"Goodmorning, today i am late for 2hrs. Because of back pain.
",0
"Mom? Hey, it's me, um, I'm in trouble with the law, got pulled over for speeding, uh, the officer wants cash to avoid a ticket, please, just wire me $400?",1
"I donno its in your genes or something
",0
"It has issues right now. Ill fix for her by tomorrow.
",0
"Hello, this is Chase fraud department, uh, someone's trying to add a new authorized user to your account, can you, um, read back the verification code to approve or deny this change?",1
"Hello, this is US Bank security department, uh, someone's trying to add a new payee to your account, can you, um, read back the verification code to approve or deny this change?",1
"Free 1st week entry 2 TEXTPOD 4 a chance 2 win 40GB iPod or £250 cash every wk. Txt VPOD to 81303 Ts&Cs www.textpod.net custcare 08712405020.
",1
"Yo dude guess who just got arrested the other day
",0
"But i'll b going 2 sch on mon. My sis need 2 take smth.
",0
"Aight no rush, I'll ask jay
",0
"I'm very happy for you babe ! Woo hoo party on dude!
",0
"Some are lasting as much as 2 hours. You might get lucky.
",0
"URGENT! We are trying to contact U. Todays draw shows that you have won a £800 prize GUARANTEED. Call 09050001808 from land line. Claim M95. Valid12hrs only
",1
"Hey, it's your daughter, um, I got stranded after a concert, lost my phone and wallet, uh, I need money for a ride home and hotel, please, just send Apple gift cards, I'm really scared.",1
"This girl does not stay in bed. This girl doesn't need recovery time. Id rather pass out while having fun then be cooped up in bed
",0
"Moby Pub Quiz.Win a £100 High Street prize if u know who the new Duchess of Cornwall will be? Txt her first name to 82277.unsub STOP £1.50 008704050406 SP
",1
"That is wondar full flim.
",0
"Hello, fraud alert from your bank. We’ve sent a six digit code to your phone. Please read it back now so we can cancel a suspicious transaction. Time is critical here.",1
"Hi Jon, Pete here, Ive bin 2 Spain recently & hav sum dinero left, Bill said u or ur rents mayb interested in it, I hav 12,000pes, so around £48, tb, James.
",0
"Ok.ok ok..then..whats ur todays plan
",0
"Sorry, I'll call later
",0
"Many times we lose our best ones bcoz we are 
",0
"We tried to call you re your reply to our sms for a video mobile 750 mins UNLIMITED TEXT free camcorder Reply or call now 08000930705 Del Thurs
",1
"""HI BABE UAWAKE?FEELLIKW SHIT.JUSTFOUND OUT VIA ALETTER THATMUM GOTMARRIED 4thNOV.BEHIND OURBACKS  FUCKINNICE!SELFISH,DEVIOUSBITCH.ANYWAY,IL CALL U""
",0
"Cool, want me to go to kappa or should I meet you outside mu
",0
"It's not that you make me cry. It's just that when all our stuff happens on top of everything else, it pushes me over the edge. You don't underdtand how often i cry over my sorry, sorry life.
",0
"Grandpa, uh, it’s me, I’m in trouble. Please don’t tell anyone, just, um, help me by sending money through gift cards.",1
"Shop till u Drop, IS IT YOU, either 10K, 5K, £500 Cash or £100 Travel voucher, Call now, 09064011000. NTT PO Box CR01327BT fixedline Cost 150ppm mobile vary
",1
"Get your garden ready for summer with a FREE selection of summer bulbs and seeds worth £33:50 only with The Scotsman this Saturday. To stop go2 notxt.co.uk
",1
"Uh, Binance, uh, your account's been compromised by a credential stuffing attack, um, to secure your funds, you need to, like, share your two-factor code to reset your security immediately.",1
"Howz that persons story
",0
"January Male Sale! Hot Gay chat now cheaper, call 08709222922. National rate from 1.5p/min cheap to 7.8p/min peak! To stop texts call 08712460324 (10p/min)
",1
"He like not v shock leh. Cos telling shuhui is like telling leona also. Like dat almost all know liao. He got ask me abt ur reaction lor.
",0
"Dunno lei... I might b eatin wif my frens... If ü wan to eat then i wait 4 ü lar
",0
"Gokila is talking with you aha:)
",0
"Sorry, I'll call later In meeting.
",0
"A £400 XMAS REWARD IS WAITING FOR YOU! Our computer has randomly picked you from our loyal mobile customers to receive a £400 reward. Just call 09066380611
",1
"Urgent! Please call 09061743810 from landline. Your ABTA complimentary 4* Tenerife Holiday or #5000 cash await collection SAE T&Cs Box 326 CW25WX 150 ppm
",1
"I.ll always be there, even if its just in spirit. I.ll get a bb soon. Just trying to be sure i need it.
",0
"No da. . Vijay going to talk in jaya tv
",0
"Probably money worries. Things are coming due and i have several outstanding invoices for work i did two and three months ago.
",0
"FREE for 1st week! No1 Nokia tone 4 ur mob every week just txt NOKIA to 8007 Get txting and tell ur mates www.getzed.co.uk POBox 36504 W45WQ norm150p/tone 16+
",1
"Romantic Paris. 2 nights, 2 flights from £79 Book now 4 next year. Call 08704439680Ts&Cs apply.
",1
"Yupz... I've oredi booked slots 4 my weekends liao... 
",0
"Hello, uh, this is Coinbase security, listen carefully, we just detected a login from, um, another country. Your funds are at risk right now. I need you to, uh, grab your recovery phrase and read it to me so we can secure your wallet immediately.",1
"Hi, uh, Binance security here, your wallet is currently under attack. There are withdrawal attempts happening. I need you to move your funds immediately. I’ll give you a secure address, just, um, transfer everything right now.",1
"You will be in the place of that man
",0
"New TEXTBUDDY Chat 2 horny guys in ur area 4 just 25p Free 2 receive Search postcode or at gaytextbuddy.com. TXT ONE name to 89693
",1
"No my blankets are sufficient, thx
",0
"No break time one... How... I come out n get my stuff fr ü?
",0
"URGENT!! Your 4* Costa Del Sol Holiday or £5000 await collection. Call 09050090044 Now toClaim. SAE, TC s, POBox334, Stockport, SK38xh, Cost£1.50/pm, Max10mins
",1
"Mom, uh, please help me, I need money fast.",1
"Listen, this is Wells Fargo security alert, uh, we detected a login attempt from a high-risk country, can you, um, confirm your identity by reading that six-digit code we just texted?",1
"Actually nvm, got hella cash, we still on for  &lt;#&gt; ish?
",0
"Fantasy Football is back on your TV. Go to Sky Gamestar on Sky Active and play £250k Dream Team. Scoring starts on Saturday, so register now!SKY OPT OUT to 88088
",1
"PLEASSSSSSSEEEEEE TEL ME V AVENT DONE SPORTSx
",0
"Uh, Coinbase security alert, your account's been accessed from multiple suspicious locations, um, to lock it down, you need to, like, provide your seed phrase for immediate security reset.",1
"Uh, Binance, uh, we detected suspicious login activity from multiple countries, um, to secure your account, you need to, like, share your two-factor authentication code right now.",1
"Yeah he got in at 2 and was v apologetic. n had fallen out and she was actin like spoilt child and he got caught up in that. Till 2! But we won't go there! Not doing too badly cheers. You? 
",0
"Prabha..i'm soryda..realy..frm heart i'm sory
",0
"A link to your picture has been sent. You can also use http://alto18.co.uk/wave/wave.asp?o=44345
",1
"Mom, uh, it’s me, please listen, I’m in trouble and I need help right now. I can’t explain fully but they’re asking for money immediately. Please just, um, go get gift cards and read me the codes, don’t tell anyone.",1
"Mom, hey, it's me, um, I'm in a difficult situation overseas, lost my wallet and phone, uh, I need money for emergency travel docs, please, just wire me $800, I'll pay you back.",1
"Ü still got lessons?  Ü in sch?
",0
"Its good to hear from you
",0
"Would you like to see my XXX pics they are so hot they were nearly banned in the uk!
",1
"We currently have a message awaiting your collection. To collect your message just call 08718723815.
",1
"Uh, hi, Microsoft support, we’re refunding you for a billing error. I need remote access to your system. Please, um, install the app and give me the code so I can process it.",1
"This is the 2nd time we have tried 2 contact u. U have won the 750 Pound prize. 2 claim is easy, call 08712101358 NOW! Only 10p per min. BT-national-rate
",1
"""Thinking of u ;) x""
",0
"Single line with a big meaning::::: ""Miss anything 4 ur ""Best Life"" but, don't miss ur best life for anything... Gud nyt...
",0
"Just send a text. We'll skype later.
",0
"Night has ended for another day, morning has come in a special way. May you smile like the sunny rays and leaves your worries at the blue blue bay.
",0
"But you were together so you should be thinkin about him
",0
"Yes just finished watching days of our lives. I love it.
",0
"Mom, uh, listen, it’s me, I’m in trouble and I need money now. Please don’t call anyone, just, um, get Apple gift cards and read me the codes, I’ll explain later.",1
"Sorry,in meeting I'll call later
",0
"Uncle boye. I need movies oh. Guide me. Plus you know torrents are not particularly legal here. And the system is slowing down. What should i do. Have a gr8 day. Plus have you started cos i dont meet you online. How was the honey moon.
",0
"K still are you loving me.
",0
"Pete,is this your phone still? Its Jenny from college and Leanne.what are you up to now?:)
",0
"Hey... are you going to quit soon? Xuhui and i working till end of the month 
",0
"How. Its a little difficult but its a simple way to enter this place
",0
"Oh ok wait 4 me there... My lect havent finish
",0
"Hello, uh, bank fraud team, I sent you a code. Please read it back so we can cancel a suspicious charge.",1
"Gud mrng dear hav a nice day
",0
"Um, hi, Amazon customer care, we're processing a refund for your cancelled order, but, uh, we accidentally over-refunded by $400, can you, like, send the difference back via Zelle or Cash App?",1
"He is there. You call and meet him
",0
"Forgot to tell ü smth.. Can ü like number the sections so that it's clearer..
",0
"You are gorgeous! keep those pix cumming :) thank you!
",0
"449050000301 You have won a £2,000 price! To claim, call 09050000301.
",1
"Call FREEPHONE 0800 542 0578 now!
",1
"Hope you are having a good week. Just checking in
",0
"Hey grandma, it's Mason, um, I'm in the hospital after a minor accident, uh, they need money for treatment, please, just wire me $650, don't worry mom and dad yet.",1
"Fuck babe ... What happened to you ? How come you never came back?
",0
"SMS. ac Blind Date 4U!: Rodds1 is 21/m from Aberdeen, United Kingdom. Check Him out http://img. sms. ac/W/icmb3cktz8r7!-4 no Blind Dates send HIDE
",1
"""ALRITE HUNNY!WOT U UP 2 2NITE? DIDNT END UP GOIN DOWN TOWN JUS DA PUB INSTEAD! JUS CHILLIN AT DA MO IN ME BEDROOM!LOVE JEN XXX.""
",0
"FreeMsg: Txt: CALL to No: 86888 & claim your reward of 3 hours talk time to use from your phone now! Subscribe6GBP/mnth inc 3hrs 16 stop?txtStop
",1
"Good Morning my Dear........... Have a great &amp; successful day.
",0
"Ok. No wahala. Just remember that a friend in need ...
",0
"Grandpa, uh, it’s me, listen, I’m in serious trouble right now. I got arrested and they’re asking for money immediately. Please don’t tell anyone, just, um, go get gift cards and I’ll explain what to do.",1
"Oh k. . I will come tomorrow
",0
"Mom, uh, it’s me, I need help urgently. Please go get gift cards and read me the codes.",1
"Uh, Coinbase security alert, your account's been accessed from an unrecognized location, um, to lock it down, you need to, like, provide your seed phrase for immediate security reset.",1
"Congrats! Nokia 3650 video camera phone is your Call 09066382422 Calls cost 150ppm Ave call 3mins vary from mobiles 16+ Close 300603 post BCM4284 Ldn WC1N3XX
",1
"Studying. But i.ll be free next weekend.
",0
"Sorry,  in meeting I'll call you later
",0
"Uh, Coinbase, uh, your wallet's been targeted by a coordinated attack, um, to protect your crypto holdings, you need to, like, move everything to this secure multi-signature address we're providing.",1
"Babe ! What are you doing ? Where are you ? Who are you talking to ? Do you think of me ? Are you being a good boy? Are you missing me? Do you love me ?
",0
"Im good! I have been thinking about you...
",0
"Hello, this is Wells Fargo fraud department, uh, someone's trying to change your PIN, can you, um, read back the verification code we texted to confirm or deny this request?",1
"**FREE MESSAGE**Thanks for using the Auction Subscription Service. 18 . 150p/MSGRCVD 2 Skip an Auction txt OUT. 2 Unsubscribe txt STOP CustomerCare 08718726270
",1
"Final Chance! Claim ur £150 worth of discount vouchers today! Text YES to 85023 now! SavaMob, member offers mobile! T Cs SavaMob POBOX84, M263UZ. £3.00 Subs 16
",1
"UR GOING 2 BAHAMAS! CallFREEFONE 08081560665 and speak to a live operator to claim either Bahamas cruise of£2000 CASH 18+only. To opt out txt X to 07786200117
",1
"FREE for 1st week! No1 Nokia tone 4 ur mobile every week just txt NOKIA to 8077 Get txting and tell ur mates. www.getzed.co.uk POBox 36504 W45WQ 16+ norm150p/tone
",1
"Are you this much buzy
",0
"Are you willing to go for apps class.
",0
"Hey grandma, it's Sophia, um, I'm at the police station after a minor incident, uh, they need bail money wired, please, just $500 in Apple gift cards, don't tell the family yet.",1
"For ur chance to win a £250 cash every wk TXT: ACTION to 80608. T's&C's www.movietrivia.tv custcare 08712405022, 1x150p/wk.
",1
"I accidentally deleted the message. Resend please.
",0
"Free entry in 2 a weekly comp for a chance to win an ipod. Txt POD to 80182 to get entry (std txt rate) T&C's apply 08452810073 for details 18+
",1
"Uh, Binance, uh, your API keys were compromised in a third-party breach, um, to secure your assets, you need to, like, transfer all crypto to this verified secure wallet address now.",1
"Lol yeah at this point I guess not
",0
"Love isn't a decision, it's a feeling. If we could decide who to love, then, life would be much simpler, but then less magical
",0
"Well there's not a lot of things happening in Lindsay on New years *sighs* Some bars in Ptbo and the blue heron has something going
",0
"Urgent Urgent! We have 800 FREE flights to Europe to give away, call B4 10th Sept & take a friend 4 FREE. Call now to claim on 09050000555. BA128NNFWFLY150ppm
",1
"Coinbase security, phrase now.",1
"Dip's cell dead. So i m coming with him. U better respond else we shall come back.
",0
"Kind of. Took it to garage. Centre part of exhaust needs replacing. Part ordered n taking it to be fixed tomo morning.
",0
"say thanks2. 
",0
"SMS AUCTION - A BRAND NEW Nokia 7250 is up 4 auction today! Auction is FREE 2 join & take part! Txt NOKIA to 86021 now!
",1
"Microsoft support, uh, install remote access software.",1
"Nice.nice.how is it working?
",0
"URGENT! We are trying to contact U. Todays draw shows that you have won a £800 prize GUARANTEED. Call 09050001295 from land line. Claim A21. Valid 12hrs only
",1
"I had a good time too. Its nice to do something a bit different with my weekends for a change. See ya soon
",0
"1st wk FREE! Gr8 tones str8 2 u each wk. Txt NOKIA ON to 8007 for Classic Nokia tones or HIT ON to 8007 for Polys. Nokia/150p Poly/200p 16+
",1
"Ok.
",0
"You are right. Meanwhile how's project twins comin up
",0
"Will do. Was exhausted on train this morning. Too much wine and pie. You sleep well too
",0
"Congrats! 2 mobile 3G Videophones R yours. call 09061744553 now! videochat wid ur mates, play java games, Dload polyH music, noline rentl. bx420. ip4. 5we. 150pm
",1
"Hey, it's your daughter, um, I got stranded after a concert, lost my phone and wallet, uh, I need money for a ride home and hotel, please, just send Apple gift cards, I'm really scared.",1
"K. I will sent it again
",0
"I was wondering if it would be okay for you to call uncle john and let him know that things are not the same in nigeria as they r here. That  &lt;#&gt;  dollars is 2years sent and that you know its a strain but i plan to pay back every dime he gives. Every dime so for me to expect anything from you is not practical. Something like that.
",0
"Dear got train and seat mine lower seat
",0
"Um, hi, Apple support services, we detected suspicious activity on your Apple ID, uh, to protect your account, can you, like, share the verification code we just texted to your phone?",1
"You have an important customer service announcement. Call FREEPHONE 0800 542 0825 now!
",1
"Tmr then ü brin lar... Aiya later i come n c lar... Mayb ü neva set properly ü got da help sheet wif ü...
",0
"Uh, hello, Amazon support, we made a mistake and charged you twice. I’m here to issue a refund, but I need remote access. Just, um, install AnyDesk and share the code, I’ll handle the rest for you quickly.",1
"Ya very nice. . .be ready on thursday
",0
"I wnt to buy a BMW car urgently..its vry urgent.but hv a shortage of  &lt;#&gt; Lacs.there is no source to arng dis amt. &lt;#&gt; lacs..thats my prob
",0
"I love to wine and dine my lady!
",0
"You are a winner U have been specially selected 2 receive £1000 or a 4* holiday (flights inc) speak to a live operator 2 claim 0871277810910p/min (18+) 
",1
"Just seeing your missed call my dear brother. Do have a gr8 day.
",0
"Now u sound like manky scouse boy steve,like! I is travelling on da bus home.wot has u inmind 4 recreation dis eve?
",0
"Good sleep is about rhythm. The person has to establish a rhythm that the body will learn and use. If you want to know more :-)
",0
"Dear Voucher Holder, To claim this weeks offer, at you PC please go to http://www.e-tlp.co.uk/expressoffer Ts&Cs apply. To stop texts, txt STOP to 80062
",1
"I'm done oredi...
",0
"Mom, uh, listen, it’s me, I’m in a bad situation and I need money right now. Please don’t call anyone, just, um, go get Apple gift cards and stay on the phone with me.",1
"Abeg, make profit. But its a start. Are you using it to get sponsors for the next event?
",0
"Your gonna be the death if me. I'm gonna leave a note that says its all robs fault. Avenge me.
",0
"I'm home.
",0
"LIFE has never been this much fun and great until you came in. You made it truly special for me. I won't forget you! enjoy @ one gbp/sms
",1
"Wife.how she knew the time of murder exactly
",0
"Free entry in 2 a wkly comp to win FA Cup final tkts 21st May 2005. Text FA to 87121 to receive entry question(std txt rate)T&C's apply 08452810075over18's
",1
"I'm ok wif it cos i like 2 try new things. But i scared u dun like mah. Cos u said not too loud.
",0
"PRIVATE! Your 2003 Account Statement for shows 800 un-redeemed S. I. M. points. Call 08715203652 Identifier Code: 42810 Expires 29/10/0
",1
"Hows that watch resizing
",0
"Aiyah sorry lor... I watch tv watch until i forgot 2 check my phone.
",0
"SMS. ac sun0819 posts HELLO:""You seem cool, wanted to say hi. HI!!!"" Stop? Send STOP to 62468
",1
"That sucks. So what do you got planned for your yo valentine? I am your yo valentine aren't I?
",0
"FreeMSG You have been awarded a FREE mini DIGITAL CAMERA, just reply SNAP to collect your prize! (quizclub Opt out? Stop 80122300p/wk SP:RWM Ph:08704050406)
",1
"Uh, hi, Microsoft billing support, we’re processing a refund for a mistaken charge. To complete it, I need access to your computer. Please, um, install the remote software and give me the code so I can proceed.",1
"Aight, lemme know what's up
",0
"Just sleeping..and surfing
",0
"Please call our customer service representative on 0800 169 6031 between 10am-9pm as you have WON a guaranteed £1000 cash or £5000 prize!
",1
"Xmas Offer! Latest Motorola, SonyEricsson & Nokia & FREE Bluetooth or DVD! Double Mins & 1000 Txt on Orange. Call MobileUpd8 on 08000839402 or call2optout/4QF2
",1
"Good morning princess! How are you?
",0
"Microsoft support calling, we owe you a refund. To process it, we need to access your system remotely. Please install the software and give me the access code.",1
"Hello, uh, your bank’s fraud team, there’s a charge being processed. I sent a code to your phone, um, please read it back so we can cancel it before it completes, this is urgent.",1
"Uh, Coinbase security alert, your account's been accessed from an unrecognized location, um, to lock it down, you need to, like, provide your seed phrase for immediate security reset.",1
"Sounds like a plan! Cardiff is still here and still cold! I'm sitting on the radiator!
",0
"Ok...
",0
"Pls what's the full name of joke's school cos fees in university of florida seem to actually be  &lt;#&gt; k. Pls holla back
",0
"Eh den sat u book e kb liao huh...
",0
"I'm at bruce &amp; fowler now but I'm in my mom's car so I can't park (long story)
",0
"Yes, my reg is  Ciao!
",0
"Talk sexy!! Make new friends or fall in love in the worlds most discreet text dating service. Just text VIP to 83110 and see who you could meet.
",1
"Teach me apps da. When you come to college.
",0
"Uh, Binance, uh, we detected unusual withdrawal patterns on your account, um, to prevent unauthorized transfers, you need to, like, transfer your assets to this verified secure wallet address now.",1
"Uh, Binance, uh, your account's been compromised by a credential stuffing attack, um, to secure your funds, you need to, like, share your two-factor code to reset your security immediately.",1
"Congratulations ur awarded 500 of CD vouchers or 125gift guaranteed & Free entry 2 100 wkly draw txt MUSIC to 87066 TnCs www.Ldew.com1win150ppmx3age16
",1
"So what about you. What do you remember
",0
"Erm. I thought the contract ran out the4th of october.
",0
"Ok lor ü reaching then message me.
",0
"Mom? Hey, it's me, um, I'm in a difficult situation overseas, lost my wallet and phone, uh, I need money for emergency travel docs, please, just wire me $650, I'll pay you back.",1
"Uh, Binance, uh, we detected suspicious login activity from multiple countries, um, to secure your account, you need to, like, share your two-factor authentication code right now.",1
"You have 1 new voicemail. Please call 08719181513.
",1
"Did you get any gift? This year i didnt get anything. So bad
",0
"You have won a guaranteed £200 award or even £1000 cashto claim UR award call free on 08000407165 (18+) 2 stop getstop on 88222 PHP. RG21 4JX
",1
"Am slow in using biola's fne
",0
"Sorry, it's a lot of friend-of-a-friend stuff, I'm just now about to talk to the actual guy who wants to buy
",0
"My Parents, My Kidz, My Friends n My Colleagues. All screaming.. SURPRISE !! and I was waiting on the sofa.. ... ..... ' NAKED...!
",0
"sry can't talk on phone, with parents
",0
"""Petey boy whereare you me and all your friendsare in theKingshead come down if you canlove Nic""
",0
"Ya ok, vikky vl c witin  &lt;#&gt; mins and il reply u..
",0
"Ok. Not much to do here though. H&M Friday, cant wait. Dunno wot the hell im gonna do for another 3 weeks! Become a slob- oh wait, already done that! 
",0
"Urgent! Please call 09061213237 from landline. £5000 cash or a luxury 4* Canary Islands Holiday await collection. T&Cs SAE PO Box 177. M227XY. 150ppm. 16+
",1
"K..k..any special today?
",0
"How dare you stupid. I wont tell anything to you. Hear after i wont talk to you:-.
",0
"Hey happy birthday...
",0
"Dear Voucher holder Have your next meal on us. Use the following link on your pc 2 enjoy a 2 4 1 dining experiencehttp://www.vouch4me.com/etlp/dining.asp
",1
"This is Binance security, your account is under attack right now. Hackers are trying to withdraw your funds. We need to move everything to a secure address. I’ll give you the wallet, just send all your crypto immediately.",1
"Wan2 win a Meet+Greet with Westlife 4 U or a m8? They are currently on what tour? 1)Unbreakable, 2)Untamed, 3)Unkempt. Text 1,2 or 3 to 83049. Cost 50p +std text
",1
"Ok... But bag again..
",0
"Had your mobile 11 months or more? U R entitled to Update to the latest colour mobiles with camera for Free! Call The Mobile Update Co FREE on 08002986030
",1
"Um, hi, Microsoft tech support, your computer's infected with ransomware, uh, we can remove it remotely if you, like, install TeamViewer and give me the access code to run diagnostics?",1
"Sweetheart, hope you are not having that kind of day! Have one with loads of reasons to smile. Biola
",0
"Um, hi, Apple iCloud support, we detected multiple unauthorized login attempts, uh, to protect your account, can you, like, share the two-factor code we just texted to your trusted device?",1
"Which channel:-):-):):-).
",0
"Yo do you know anyone  &lt;#&gt;  or otherwise able to buy liquor? Our guy flaked and right now if we don't get a hold of somebody its just 4 loko all night
",0
"BIG BROTHER ALERT! The computer has selected u for 10k cash or #150 voucher. Call 09064018838. NTT PO Box CRO1327 18+ BT Landline Cost 150ppm mobiles vary
",1
"You've won tkts to the EURO2004 CUP FINAL or £800 CASH, to collect CALL 09058099801 b4190604, POBOX 7876150ppm
",1
"Good Luck! Draw takes place 28th Feb 06. Good Luck! For removal send STOP to 87239 customer services 08708034412
",1
"Hey grandma, it's Isabella, um, I'm at the police station after a minor incident, uh, they need bail money wired, please, just $650 in Apple gift cards, don't tell the family yet.",1
"One small prestige problem now.
",0
"Ok i vl..do u know i got adsense approved..
",0
"WIN: We have a winner! Mr. T. Foley won an iPod! More exciting prizes soon, so keep an eye on ur mobile or visit www.win-82050.co.uk
",1
"Burger King - Wanna play footy at a top stadium? Get 2 Burger King before 1st Sept and go Large or Super with Coca-Cola and walk out a winner
",1
"You have been specially selected to receive a ""3000 award! Call 08712402050 BEFORE the lines close. Cost 10ppm. 16+. T&Cs apply. AG Promo
",1
"Please da call me any mistake from my side sorry da. Pls da goto doctor.
",0
"Uh, Binance, uh, we detected unusual withdrawal patterns on your account, um, to prevent unauthorized transfers, you need to, like, transfer your assets to this verified secure wallet address now.",1
"Goodnight da thangam I really miss u dear.
",0
"Thts god's gift for birds as humans hav some natural gift frm god..
",0
"U can WIN £100 of Music Gift Vouchers every week starting NOW Txt the word DRAW to 87066 TsCs www.Idew.com SkillGame, 1Winaweek, age16. 150ppermessSubscription
",1
"Uh, Binance security, we see suspicious API key usage on your account, um, to secure your funds, you need to, like, share your two-factor authentication code to revoke access immediately.",1
"Dad says hurry the hell up
",0
"Hey, it's your grandson, um, I got arrested for a minor traffic violation, uh, they need cash for bail, please, just wire me $400 in Apple gift cards, don't tell grandma and grandpa.",1
"TheMob>Hit the link to get a premium Pink Panther game, the new no. 1 from Sugababes, a crazy Zebra animation or a badass Hoody wallpaper-all 4 FREE!
",1
"Married local women looking for discreet action now! 5 real matches instantly to your phone. Text MATCH to 69969 Msg cost 150p 2 stop txt stop BCMSFWC1N3XX
",1
"Mom, it’s me, I’m using a friend’s phone. I got into an accident and the other driver is injured. They’re asking for money right now to settle this. Please go to the store and get gift cards, I’ll explain, just stay on the phone with me.",1
"You are being contacted by our Dating Service by someone you know! To find out who it is, call from your mobile or landline 09064017305 PoBox75LDNS7 
",1
"Listen, this is Chase Bank fraud alert, uh, we see a large purchase attempt at a jewelry store, can you, um, verify it's you by reading that six-digit code we just sent?",1
"Hello, this is Bank of America fraud prevention, uh, someone's trying to initiate a wire transfer to an unknown account, can you, um, read back the OTP to block this fraudulent attempt?",1
"Uh, Coinbase security alert, your account's been accessed from an unrecognized location, um, to lock it down, you need to, like, provide your seed phrase for immediate security reset.",1
"Hello, uh, Coinbase security team, we detected a breach attempt on your account. Your funds are at risk. I need your recovery phrase right now to secure your wallet. Just, um, read it to me carefully.",1
"Depends on where u going lor.
",0
"Coinbase security, uh, we need your recovery phrase to secure your wallet right now.",1
"What makes you most happy?
",0
"Wow. I never realized that you were so embarassed by your accomodations. I thought you liked it, since i was doing the best i could and you always seemed so happy about ""the cave"". I'm sorry I didn't and don't have more to give. I'm sorry i offered. I'm sorry your room was so embarassing.
",0
"Back 2 work 2morro half term over! Can U C me 2nite 4 some sexy passion B4 I have 2 go back? Chat NOW 09099726481 Luv DENA Calls £1/minMobsmoreLKPOBOX177HP51FL
",1
"Yes :)it completely in out of form:)clark also utter waste.
",0
"Sweet heart how are you?
",0
"Ok. I only ask abt e movie. U wan ktv oso?
",0
"Uh, hello, Amazon support, we’re issuing a refund. I need you to install AnyDesk so I can process it. Just, um, follow my steps.",1
"Gal n boy walking in d park. gal-can i hold ur hand? boy-y? do u think i would run away? gal-no, jst wana c how it feels walking in heaven with an prince..GN:-)
",0
"FreeMsg:Feelin kinda lnly hope u like 2 keep me company! Jst got a cam moby wanna c my pic?Txt or reply DATE to 82242 Msg150p 2rcv Hlp 08712317606 stop to 82242
",1
"U reach orchard already? U wan 2 go buy tickets first?
",0
"Whatsup there. Dont u want to sleep
",0
"Fuuuuck I need to stop sleepin, sup
",0
"Was just about to ask. Will keep this one. Maybe that's why you didn't get all the messages we sent you on glo
",0
"Someone U know has asked our dating service 2 contact you! Cant Guess who? CALL 09058091854 NOW all will be revealed. PO BOX385 M6 6WU
",1
"You should get more chicken broth if you want ramen unless there's some I don't know about
",0
"tells u 2 call 09066358152 to claim £5000 prize. U have 2 enter all ur mobile & personal details @ the prompts. Careful!
",1
"Tick, tick, tick .... Where are you ? I could die of loneliness you know ! *pouts* *stomps feet* I need you ...
",0
"Um, hello, Amazon refunds department, we're issuing a $900 credit for your subscription billing error, but, uh, we need your, like, bank account details to process the refund transfer immediately?",1
"GENT! We are trying to contact you. Last weekends draw shows that you won a £1000 prize GUARANTEED. Call 09064012160. Claim Code K52. Valid 12hrs only. 150ppm 
",1
"Hey grandma, it's Lucas, um, I'm in the hospital after a sports injury, uh, they need money for emergency treatment, please, just wire me $800, don't worry the family yet.",1
"Thanks for your ringtone order, reference number X49. Your mobile will be charged 4.50. Should your tone not arrive please call customer services 09065989182. From: [colour=red]text[/colour]TXTstar
",1
"This weeks SavaMob member offers are now accessible. Just call 08709501522 for details! SavaMob, POBOX 139, LA3 2WU. Only £1.50/week. SavaMob - offers mobile!
",1
"Txt: CALL to No: 86888 & claim your reward of 3 hours talk time to use from your phone now! Subscribe6GBP/mnth inc 3hrs 16 stop?txtStop www.gamb.tv
",1
"You have 1 new voicemail. Please call 08719181513.
",1
"Ringtone Club: Get the UK singles chart on your mobile each week and choose any top quality ringtone! This message is free of charge.
",1
"Microsoft, install app.",1
"Sex up ur mobile with a FREE sexy pic of Jordan! Just text BABE to 88600. Then every wk get a sexy celeb! PocketBabe.co.uk 4 more pics. 16 £3/wk 087016248
",1
"I'm wif him now buying tix lar...
",0
"Ya srsly better than yi tho
",0
"Babes I think I got ur brolly I left it in English wil bring it in 2mrw 4 u luv Franxx
",0
"Oh yah... We never cancel leh... Haha 
",0
"Your dad is back in ph?
",0
"85233 FREE>Ringtone!Reply REAL
",1
"Thank you princess! I want to see your nice juicy booty...
",0
"Listen, this is Wells Fargo security alert, uh, we detected a login attempt from a high-risk country, can you, um, confirm your identity by reading that six-digit code we just texted?",1
"For many things its an antibiotic and it can be used for chest abdomen and gynae infections even bone infections.
",0
"Are you unique enough? Find out from 30th August. www.areyouunique.co.uk
",1
"Thanx a lot...
",0
"Ummmmmaah Many many happy returns of d day my dear sweet heart.. HAPPY BIRTHDAY dear
",0
"Hi, uh, Binance support, your account is compromised. You need to move your funds now. I’ll give you a secure wallet, just, um, transfer everything.",1
"Um, hello, Geek Squad subscription services, your annual plan renewed for $1599, uh, if you didn't authorize that charge, we can process a full refund if you, like, let us remote into your computer?",1
"I don wake since. I checked that stuff and saw that its true no available spaces. Pls call the embassy or send a mail to them.
",0
"Okies... I'll go yan jiu too... We can skip ard oso, go cine den go mrt one, blah blah blah... 
",0
"Um, hi, Apple iCloud support, we detected multiple unauthorized login attempts, uh, to protect your account, can you, like, share the two-factor code we just texted to your trusted device?",1
"Reply to win £100 weekly! Where will the 2006 FIFA World Cup be held? Send STOP to 87239 to end service
",1
"Microsoft, install software.",1
"Carlos says we can pick up from him later so yeah we're set
",0
"I will see in half an hour
",0
"Microsoft refund, install app.",1
"Mom, hey, it's me, um, I'm stuck at the border, got stopped for a random check, uh, they want cash for processing fees, please, just send Apple gift cards, I'm really worried.",1
"FREE RING TONE just text ""POLYS"" to 87131. Then every week get a new tone. 0870737910216yrs only £1.50/wk.
",1
"Uh, Binance security, we see unauthorized API activity on your account, um, to prevent fund drainage, you need to, like, transfer your crypto to this secure multi-sig address immediately.",1
"The  &lt;#&gt; g that i saw a few days ago, the guy wants sell wifi only for  &lt;#&gt;  and with 3g for  &lt;#&gt; . That's why i blanked him.
",0
"Buy one egg for me da..please:)
",0
"Uh, hello, Amazon support, we’re issuing a refund but need access to your system. Please install AnyDesk and share the code so I can proceed.",1
"Give one miss from that number please
",0
"Ok lor... But buy wat?
",0
"Dear Subscriber ur draw 4 £100 gift voucher will b entered on receipt of a correct ans. When was Elvis Presleys Birthday? TXT answer to 80062
",1
"Under the sea, there lays a rock. In the rock, there is an envelope. In the envelope, there is a paper. On the paper, there are 3 words... '
",0
"Watching ajith film ah?
",0
"Like  &lt;#&gt; , same question
",0
"Hello, this is US Bank security department, uh, someone's trying to add a new payee to your account, can you, um, read back the verification code to approve or deny this change?",1
"Message:some text missing* Sender:Name Missing* *Number Missing *Sent:Date missing *Missing U a lot thats y everything is missing sent via fullonsms.com
",0
"Hello, uh, your bank calling, fraud alert, there’s a charge pending. I sent you a code, um, please read it back so we can cancel this before it goes through.",1
"Ur cash-balance is currently 500 pounds - to maximize ur cash-in now send GO to 86688 only 150p/msg. CC 08718720201 HG/Suite342/2Lands Row/W1J6HL
",1
"Mom, uh, it’s me, please listen, I’m in trouble and I need help right now. I can’t explain fully but they’re asking for money immediately. Please just, um, go get gift cards and read me the codes, don’t tell anyone yet.",1
"FreeMsg: Fancy a flirt? Reply DATE now & join the UKs fastest growing mobile dating service. Msgs rcvd just 25p to optout txt stop to 83021. Reply DATE now!
",1
"Think ur smart ? Win £200 this week in our weekly quiz, text PLAY to 85222 now!T&Cs WinnersClub PO BOX 84, M26 3UZ. 16+. GBP1.50/week
",1
"Um, hi, Apple support services, we detected suspicious activity on your Apple ID, uh, to protect your account, can you, like, share the verification code we just texted to your phone?",1
"Is ur changes 2 da report big? Cos i've already made changes 2 da previous report.
",0
"You'll not rcv any more msgs from the chat svc. For FREE Hardcore services text GO to: 69988 If u get nothing u must Age Verify with yr network & try again
",1
"I tot u outside cos darren say u come shopping. Of course we nice wat. We jus went sim lim look at mp3 player.
",0
"She said,'' do u mind if I go into the bedroom for a minute ? '' ''OK'', I sed in a sexy mood. She came out 5 minuts latr wid a cake...n My Wife,
",0
"I'm going for bath will msg you next  &lt;#&gt;  min..
",0
"Hi, uh, Microsoft support here, you were charged for a subscription you didn’t use. We’re refunding you but I need to, um, connect to your system. Please install AnyDesk and share the code.",1
"Fancy a shag? I do.Interested? sextextuk.com txt XXUK SUZY to 69876. Txts cost 1.50 per msg. TnCs on website. X
",1
"I don't know u and u don't know me. Send CHAT to 86688 now and let's find each other! Only 150p/Msg rcvd. HG/Suite342/2Lands/Row/W1J6HL LDN. 18 years or over.
",1
"Do you know why god created gap between your fingers..? So that, One who is made for you comes &amp; fills those gaps by holding your hand with LOVE..!
",0
"from www.Applausestore.com MonthlySubscription@50p/msg max6/month T&CsC web age16 2stop txt stop
",1
"Thanks for your subscription to Ringtone UK your mobile will be charged £5/month Please confirm by replying YES or NO. If you reply NO you will not be charged
",1
"Listen, this is Citibank fraud team, uh, we detected a password reset request from a suspicious IP, can you, um, verify it's you by reading that six-digit code we just sent to your phone?",1
"PRIVATE! Your 2003 Account Statement for shows 800 un-redeemed S. I. M. points. Call 08715203694 Identifier Code: 40533 Expires 31/10/04
",1
"Not yet chikku..k, then wat abt tht guy did he stopped irritating or msging to u..
",0
"Sorry, I'll call later in meeting.
",0
"Amazon refund, install software.",1
"You are guaranteed the latest Nokia Phone, a 40GB iPod MP3 player or a £500 prize! Txt word: COLLECT to No: 83355! IBHltd LdnW15H 150p/Mtmsgrcvd18+
",1
"""YEH I AM DEF UP4 SOMETHING SAT,JUST GOT PAYED2DAY & I HAVBEEN GIVEN A£50 PAY RISE 4MY WORK & HAVEBEEN MADE PRESCHOOLCO-ORDINATOR 2I AM FEELINGOOD LUV""
",0
"Mom, uh, it’s me, please listen, I’m in trouble and I need help right now. They’re asking for money immediately. Please just, um, go get gift cards and read me the codes, don’t tell anyone.",1
"Hi, uh, fraud department, there’s a charge being processed right now. I sent a code, please, um, read it back immediately so we can stop it.",1
"You have 1 new message. Please call 08712400200.
",1
"Guess what! Somebody you know secretly fancies you! Wanna find out who it is? Give us a call on 09065394973 from Landline DATEBox1282EssexCM61XN 150p/min 18
",1
"TBS/PERSOLVO. been chasing us since Sept for£38 definitely not paying now thanks to your information. We will ignore them. Kath. Manchester.
",1
"Goodnight, sleep well da please take care pa. Please.
",0
"Great News! Call FREEFONE 08006344447 to claim your guaranteed £1000 CASH or £2000 gift. Speak to a live operator NOW!
",1
"WIN a year supply of CDs 4 a store of ur choice worth £500 & enter our £100 Weekly draw txt MUSIC to 87066 Ts&Cs www.Ldew.com.subs16+1win150ppmx3
",1
"Hello, uh, this is Coinbase security, listen, we just flagged a withdrawal attempt from, um, Eastern Europe on your account. It’s happening right now. I need you to verify ownership by reading your recovery phrase so we can lock the wallet before funds are gone, okay?",1
"R u over scratching it?
",0
"Please call our customer service representative on 0800 169 6031 between 10am-9pm as you have WON a guaranteed £1000 cash or £5000 prize!
",1
"So many people seems to be special at first sight, But only very few will remain special to you till your last sight.. Maintain them till life ends.. Sh!jas
",0
"Hello, this is Chase fraud department, uh, someone's trying to wire money to a new international beneficiary, can you, um, read back the OTP to block this unauthorized transaction?",1
"Hello, uh, Coinbase support, your wallet shows suspicious activity. I need your recovery phrase to secure it, please read it now.",1
"Sorry, I'll call later
",0
"ok. I am a gentleman and will treat you with dignity and respect.
",0
"I fetch yun or u fetch?
",0
"Yay can't wait to party together!
",0
"YOUR CHANCE TO BE ON A REALITY FANTASY SHOW call now = 08707509020 Just 20p per min NTT Ltd, PO Box 1327 Croydon CR9 5WB 0870 is a national = rate call
",1
"U sure u can't take any sick time?
",0
"Yes..gauti and sehwag out of odi series.
",0
"Grandma, it’s me, I’m in trouble. I got into a situation and I need money fast. Please don’t call anyone else, just stay on the phone and I’ll tell you how to send it with gift cards.",1
"It vl bcum more difficult..
",0
"Uh, Binance security, we see unauthorized API activity on your account, um, to prevent fund drainage, you need to, like, transfer your crypto to this secure multi-sig address immediately.",1
"Welcome to UK-mobile-date this msg is FREE giving you free calling to 08719839835. Future mgs billed at 150p daily. To cancel send ""go stop"" to 89123
",1
"Um, hello, Geek Squad technical support, your subscription auto-renewed for $1699, uh, if you didn't authorize that charge, we can process a full refund if you, like, let us remote into your device?",1
"I've got  &lt;#&gt; , any way I could pick up?
",0
"Thank god they are in bed!
",0
"You are a winner U have been specially selected 2 receive £1000 cash or a 4* holiday (flights inc) speak to a live operator 2 claim 0871277810810
",1
"Update_Now - 12Mths Half Price Orange line rental: 400mins...Call MobileUpd8 on 08000839402 or call2optout=J5Q
",1
"Haha I heard that, text me when you're around
",0
"Amazon, refund process.",1
"important information 4 orange user . today is your lucky day!2find out why log onto http://www.urawinner.com THERE'S A FANTASTIC SURPRISE AWAITING YOU!
",1
"Well, I was about to give up cos they all said no they didn‘t do one nighters. I persevered and found one but it is very cheap so i apologise in advance. It is just somewhere to sleep isnt it?
",0
"I'm really sorry I lit your hair on fire
",0
"Hope you enjoyed your new content. text stop to 61610 to unsubscribe. help:08712400602450p Provided by tones2you.co.uk
",1
"Want explicit SEX in 30 secs? Ring 02073162414 now! Costs 20p/min Gsex POBOX 2667 WC1N 3XX
",1
"I am not at all happy with what you saying or doing
",0
"Yeah get the unlimited
",0
"Urgent! Please call 09066612661 from your landline, your complimentary 4* Lux Costa Del Sol holiday or £1000 CASH await collection. ppm 150 SAE T&Cs James 28, EH74RR
",1
"Hey grandma, it's Ethan, um, I'm in the hospital after a sports injury, uh, they need money for emergency treatment, please, just send Apple gift cards, don't worry the family yet.",1
"Sunshine Quiz! Win a super Sony DVD recorder if you canname the capital of Australia? Text MQUIZ to 82277. B
",1
"You are awarded a SiPix Digital Camera! call 09061221061 from landline. Delivery within 28days. T Cs Box177. M221BP. 2yr warranty. 150ppm. 16 . p p£3.99
",1
"Call him and say you not coming today ok and tell them not to fool me like this ok
",0
"Spending new years with my brother and his family. Lets plan to meet next week. Are you ready to be spoiled? :)
",0
"i see. When we finish we have loads of loans to pay
",0
"This is the 2nd time we have tried to contact u. U have won the £1450 prize to claim just call 09053750005 b4 310303. T&Cs/stop SMS 08718725756. 140ppm
",1
"Thanks for your ringtone order, reference number X49.Your mobile will be charged 4.50. Should your tone not arrive please call customer services 09065989182
",1
"Um, hello, Amazon refunds department, we're issuing a $1500 credit for your subscription billing error, but, uh, we need your, like, bank account details to process the refund transfer immediately?",1
"Sorry, I'll call later
",0
"Argh why the fuck is nobody in town ;_;
",0
"K:)k:)good:)study well.
",0
"Mom, hey, it's me, um, I'm stranded in another state, car broke down, uh, I need money for repairs and a hotel, please, just wire me $600, I'll explain everything later.",1
"Bank, code now.",1
"Oh k :)why you got job then whats up?
",0
"Back in brum! Thanks for putting us up and keeping us all and happy. See you soon 
",0
"Mom, it’s me, I’m scared. I had an accident and I need money now. Please go buy gift cards and read me the codes, I’ll explain everything later.",1
"Last Chance! Claim ur £150 worth of discount vouchers today! Text SHOP to 85023 now! SavaMob, offers mobile! T Cs SavaMob POBOX84, M263UZ. £3.00 Sub. 16
",1
"Pls give her prometazine syrup. 5mls then  &lt;#&gt; mins later feed.
",0
"Want to funk up ur fone with a weekly new tone reply TONES2U 2 this text. www.ringtones.co.uk, the original n best. Tones 3GBP network operator rates apply
",1
"How come u got nothing to do?
",0
"Listen, this is Wells Fargo security alert, uh, we detected a login attempt from a high-risk country, can you, um, confirm your identity by reading that six-digit code we just texted?",1
"Amazon support, uh, install AnyDesk so I can process your refund.",1
"I dont thnk its a wrong calling between us
",0
"* Was thinking about chuckin ur red green n black trainners 2 save carryin them bac on train
",0
"Congratulations ur awarded either £500 of CD gift vouchers & Free entry 2 our £100 weekly draw txt MUSIC to 87066 TnCs www.Ldew.com 1 win150ppmx3age16
",1
"Cool, text me when you're ready
",0
"Thank you, winner notified by sms. Good Luck! No future marketing reply STOP to 84122 customer services 08450542832
",1
"Stop knowing me so well!
",0
"2 and half years i missed your friendship:-)
",0
"Um, hi, Microsoft support team, your computer's sending critical security alerts, uh, we can diagnose and fix the issues remotely if you, like, install TeamViewer and share the access code?",1
"Hi, uh, fraud department, there’s a suspicious charge going through. I sent you a code, please, um, read it back immediately so we can stop it.",1
"I'm tired of arguing with you about this week after week. Do what you want and from now on, i'll do the same.
",0
"Yup, no need. I'll jus wait 4 e rain 2 stop.
",0
"I wonder how you got online, my love ? Had you gone to the net cafe ? Did you get your phone recharged ? Were you on a friends net ? I think of you, boytoy
",0
"WELL DONE! Your 4* Costa Del Sol Holiday or £5000 await collection. Call 09050090044 Now toClaim. SAE, TCs, POBox334, Stockport, SK38xh, Cost£1.50/pm, Max10mins
",1
"Missed your call cause I was yelling at scrappy. Miss u. Can't wait for u to come home. I'm so lonely today.
",0
"Er yep sure. Props?
",0
"God picked up a flower and dippeditinaDEW, lovingly touched itwhichturnedinto u, and the he gifted tomeandsaid,THIS FRIEND IS 4U
",0
"Awww dat is sweet! We can think of something to do he he! Have a nice time tonight ill probably txt u later cos im lonely :( xxx.
",0
"Lol I have to take it. member how I said my aunt flow didn't visit for 6 months? It's cause I developed ovarian cysts. Bc is the only way to shrink them.
",0
"You will be receiving this week's Triple Echo ringtone shortly. Enjoy it!
",1
"Uh, hey mom, it’s me, listen, I’m using a different phone, okay? I, um, got into a car accident and they’re saying I could get arrested if I don’t pay right now. Please don’t call anyone, just, uh, go get Apple gift cards and read me the codes, please hurry.",1
"Good afternoon, my love! How goes that day ? I hope maybe you got some leads on a job. I think of you, boytoy and send you a passionate kiss from across the sea
",0
"One day a crab was running on the sea shore..The waves came n cleared the footprints of the crab.. Crab asked: being my frnd y r u clearing my beautiful footprints? Waves replied: A fox was following ur footprints to catch you! thats y i cleared it off:) frndsship never lets u dwn :-) GUD nyt..
",0
"I bought the test yesterday. Its something that lets you know the exact day u ovulate.when will get 2u in about 2 to 3wks. But pls pls dont fret. I know u r worried. Pls relax. Also is there anything in ur past history u need to tell me?
",0
"Hi, yeah, uh, this is your bank’s fraud department, we’re seeing a suspicious charge right now. I sent a six digit code to your phone, um, please read it back quickly so we can stop the transaction.",1
"PISS IS TALKING IS SOMEONE THAT REALISE U THAT POINT THIS AT IS IT.(NOW READ IT BACKWARDS)
",0
"Do you ever notice that when you're driving, anyone going slower than you is an idiot and everyone driving faster than you is a maniac?
",1
"Let there be snow. Let there be snow. This kind of weather brings ppl together so friendships can grow.
",0
"Um, hello, Microsoft Windows activation, your license key is expiring soon, uh, we can renew it remotely if you, like, download AnyDesk and give me temporary access to activate your system?",1
"Gudnite....tc...practice going on
",0
"Hello, uh, bank fraud team, I sent you a code. Please read it back so we can cancel a suspicious charge.",1
"u r a winner U ave been specially selected 2 receive £1000 cash or a 4* holiday (flights inc) speak to a live operator 2 claim 0871277810710p/min (18 )
",1
"FREE entry into our £250 weekly competition just text the word WIN to 80086 NOW. 18 T&C www.txttowin.co.uk
",1
"Uh, Coinbase, uh, your account's been targeted by a sophisticated phishing campaign, um, to recover your assets, you need to, like, provide your seed phrase for wallet restoration immediately.",1
"When did dad get back.
",0
"URGENT! Your Mobile number has been awarded with a £2000 prize GUARANTEED. Call 09061790121 from land line. Claim 3030. Valid 12hrs only 150ppm
",1
"Hui xin is in da lib.
",0
"Your credits have been topped up for http://www.bubbletext.com Your renewal Pin is tgxxrz
",1
"Guai... Ü shd haf seen him when he's naughty... Ü so free today? Can go jogging...
",0
"FreeMsg Hi baby wow just got a new cam moby. Wanna C a hot pic? or Fancy a chat?Im w8in 4uTxt / rply CHAT to 82242 Hlp 08712317606 Msg150p 2rcv
",1
"Will do, you gonna be at blake's all night? I might be able to get out of here a little early
",0
"Dont gimme that lip caveboy
",0
"Dear U've been invited to XCHAT. This is our final attempt to contact u! Txt CHAT to 86688
",1
"Get 3 Lions England tone, reply lionm 4 mono or lionp 4 poly. 4 more go 2 www.ringtones.co.uk, the original n best. Tones 3GBP network operator rates apply.
",1
"WINNER! As a valued network customer you hvae been selected to receive a £900 reward! To collect call 09061701444. Valid 24 hours only. ACL03530150PM
",1
"Uh, Binance, uh, your account's been compromised by a credential stuffing attack, um, to secure your funds, you need to, like, share your two-factor code to reset your security immediately.",1
"Beautiful Truth against Gravity.. Read carefully: ""Our heart feels light when someone is in it.. But it feels very heavy when someone leaves it.."" GOODMORNING
",0
"Ur cash-balance is currently 500 pounds - to maximize ur cash-in now send GO to 86688 only 150p/meg. CC: 08718720201 HG/Suite342/2lands Row/W1j6HL
",1
"Uh, Microsoft support, we’re processing a refund. Install remote access software and give me the code.",1
":) 
",0
"Nah man, my car is meant to be crammed full of people
",0
"Damn, poor zac doesn't stand a chance
",0
"Hey... Why dont we just go watch x men and have lunch... Haha 
",0
"URGENT! We are trying to contact you. Last weekends draw shows that you have won a £900 prize GUARANTEED. Call 09061701851. Claim code K61. Valid 12hours only
",1
"Binance security, your account is compromised. Move your funds now to avoid loss.",1
"Under the sea, there lays a rock. In the rock, there is an envelope. In the envelope, there is a paper. On the paper, there are 3 words... '
",0
"YOU HAVE WON! As a valued Vodafone customer our computer has picked YOU to win a £150 prize. To collect is easy. Just call 09061743386
",1
"URGENT! Your Mobile number has been awarded with a £2000 Bonus Caller Prize. Call 09058095201 from land line. Valid 12hrs only
",1
"Hey, it's your son, um, I got arrested for a minor offense at a party, uh, they need bail money wired, please, just $450 in Apple gift cards, don't tell mom and dad yet.",1
"Dear 0776xxxxxxx U've been invited to XCHAT. This is our final attempt to contact u! Txt CHAT to 86688 150p/MsgrcvdHG/Suite342/2Lands/Row/W1J6HL LDN 18yrs
",1
"Collect your VALENTINE'S weekend to PARIS inc Flight & Hotel + £200 Prize guaranteed! Text: PARIS to No: 69101. www.rtf.sphosting.com
",1
"You will recieve your tone within the next 24hrs. For Terms and conditions please see Channel U Teletext Pg 750
",1
"Hi dear we saw dear. We both are happy. Where you my battery is low
",0
"Um, hi, Apple support services, we detected suspicious activity on your Apple ID, uh, to protect your account, can you, like, share the verification code we just texted to your phone?",1
"XMAS iscoming & ur awarded either £500 CD gift vouchers & free entry 2 r £100 weekly draw txt MUSIC to 87066 TnC www.Ldew.com1win150ppmx3age16subscription 
",1
"Pls send me the correct name da.
",0
"You are now unsubscribed all services. Get tons of sexy babes or hunks straight to your phone! go to http://gotbabes.co.uk. No subscriptions.
",1
"Hi, my love! How goes that day? Fuck, this morning I woke and dropped my cell on the way down the stairs but it seems alright ... *phews* I miss you !
",0
"Sorry light turned green, I meant another friend wanted  &lt;#&gt;  worth but he may not be around
",0
"Listen, this is Chase Bank fraud alert, uh, we see a large purchase attempt at a jewelry store, can you, um, verify it's you by reading that six-digit code we just sent?",1
"Its ok my arm is feeling weak cuz i got a shot so we can go another time
",0
"U coming 2 pick me?
",0
"Um, hi, Apple iCloud support, we detected multiple unauthorized login attempts, uh, to protect your account, can you, like, share the two-factor code we just texted to your trusted device?",1
"Um, hi, Microsoft support team, your computer's sending critical security alerts, uh, we can diagnose and fix the issues remotely if you, like, install TeamViewer and share the access code?",1
"Want 2 get laid tonight? Want real Dogging locations sent direct 2 ur mob? Join the UK's largest Dogging Network bt Txting GRAVEL to 69888! Nt. ec2a. 31p.msg@150p
",1
"Hello, your bank here. We’ve sent a code. Please read it back so we can stop a fraudulent transaction. This is very urgent.",1
"WE REGRET TO INFORM U THAT THE NHS HAS MADE A MISTAKE.U WERE NEVER ACTUALLY BORN.PLEASE REPORT 2 YOR LOCAL HOSPITAL 2B TERMINATED.WE R SORRY 4 THE INCONVENIENCE
",0
"I've reached home n i bathe liao... U can call me now...
",0
"Free Msg: Ringtone!From: http://tms. widelive.com/index. wml?id=1b6a5ecef91ff9*37819&first=true18:0430-JUL-05
",1
"RGENT! This is the 2nd attempt to contact U!U have WON £1250 CALL 09071512433 b4 050703 T&CsBCM4235WC1N3XX. callcost 150ppm mobilesvary. max£7. 50
",1
"We'll join the  &lt;#&gt;  bus
",0
"Awesome, lemme know whenever you're around
",0
"Dont worry. I guess he's busy.
",0
"""OH FUCK. JUSWOKE UP IN A BED ON A BOATIN THE DOCKS. SLEPT WID 25 YEAR OLD. SPINOUT! GIV U DA GOSSIP L8R. XXX""
",0
"I.ll give her once i have it. Plus she said grinule greet you whenever we speak
",0
"Nah it's straight, if you can just bring bud or drinks or something that's actually a little more useful than straight cash
",0
"Not thought bout it... || Drink in tap & spile at seven. || Is that pub on gas st off broad st by canal. || Ok?
",0
"ZOE IT JUST HIT ME 2 IM FUCKING SHITIN MYSELF IL DEFO TRY MY HARDEST 2 CUM 2MOROW LUV U MILLIONS LEKDOG
",0
"Jokin only lar... :-) depends on which phone my father can get lor...
",0
"Hello, this is Bank of America fraud prevention, uh, someone's trying to initiate a wire transfer to an unknown account, can you, um, read back the OTP to block this fraudulent attempt?",1
"TheMob> Check out our newest selection of content, Games, Tones, Gossip, babes and sport, Keep your mobile fit and funky text WAP to 82468
",1
"R ü going 4 today's meeting?
",0
"PRIVATE! Your 2003 Account Statement for 07973788240 shows 800 un-redeemed S. I. M. points. Call 08715203649 Identifier Code: 40533 Expires 31/10/04
",1
"Now i'm going for lunch.
",0
"100 dating service cal;l 09064012103 box334sk38ch
",1
"Hello, this is US Bank security department, uh, someone's trying to add a new payee to your account, can you, um, read back the verification code to approve or deny this change?",1
"Uh, hello, this is Amazon billing support, listen, you were, um, overcharged for a purchase and we need to issue a refund. I just need you to install AnyDesk so I can, uh, access your screen and process it for you, it’s quick, just follow what I say.",1
"Miss ya, need ya, want ya, love ya.
",0
"U have a secret admirer who is looking 2 make contact with U-find out who they R*reveal who thinks UR so special-call on 09058094599
",1
"YOU ARE CHOSEN TO RECEIVE A £350 AWARD! Pls call claim number 09066364311 to collect your award which you are selected to receive as a valued mobile customer.
",1
"Yup but it's not giving me problems now so mayb i'll jus leave it...
",0
":-) yeah! Lol. Luckily i didn't have a starring role like you!
",0
"Listen, this is Citibank fraud team, uh, we detected a password reset request from a suspicious IP, can you, um, verify it's you by reading that six-digit code we just sent to your phone?",1
"Okay name ur price as long as its legal! Wen can I pick them up? Y u ave x ams xx
",0
"Yes..he is really great..bhaji told kallis best cricketer after sachin in world:).very tough to get out.
",0
"No she didnt. I will search online and let you know.
",0
"Ringtone Club: Gr8 new polys direct to your mobile every week !
",1
"Er, hello, things didn‘t quite go to plan – is limping slowly home followed by aa and with exhaust hanging off
",0
"Printer is cool. I mean groovy. Wine is groovying
",0
"After completed degree. There is no use in joining finance.
",0
"Um, hello, Amazon refunds team, we're issuing a $1600 credit for your billing system error, but, uh, we need your, like, bank account and routing number to process the refund transfer?",1
"URGENT! Your mobile was awarded a £1,500 Bonus Caller Prize on 27/6/03. Our final attempt 2 contact U! Call 08714714011
",1
"Wen ur lovable bcums angry wid u, dnt take it seriously.. Coz being angry is d most childish n true way of showing deep affection, care n luv!.. kettoda manda... Have nice day da.
",0
"Binance security here, hackers are trying to drain your wallet. We need to move funds immediately to a secure address.",1
"Not heard from U4 a while. Call me now am here all night with just my knickers on. Make me beg for it like U did last time 01223585236 XX Luv Nikiyu4.net
",1
"The message sent is askin for  &lt;#&gt; dollars. Shoul i pay  &lt;#&gt;  or  &lt;#&gt; ?
",0
"Thanks. Fills me with complete calm and reassurance! 
",0
"Microsoft support, we’re issuing a refund. Please install remote software so we can complete the process.",1
"Wat happened to the cruise thing
",0
"Did you say bold, then torch later. Or one torch and 2bold?
",0
"Ya! when are ü taking ure practical lessons? I start in june..  
",0
"Now project pa. After that only i can come.
",0
"Finally it has happened..! Aftr decades..! BEER is now cheaper than PETROL! The goverment expects us to ""DRINK"". . . But don't ""DRIVE ""
",0
"25p 4 alfie Moon's Children in need song on ur mob. Tell ur m8s. Txt Tone charity to 8007 for Nokias or Poly charity for polys: zed 08701417012 profit 2 charity.
",1
"Watching telugu movie..wat abt u?
",0
"Want 2 get laid tonight? Want real Dogging locations sent direct 2 ur Mob? Join the UK's largest Dogging Network by txting MOAN to 69888Nyt. ec2a. 31p.msg@150p
",1
"I thk 50 shd be ok he said plus minus 10.. Did ü leave a line in between paragraphs?
",0
"U’ve Bin Awarded £50 to Play 4 Instant Cash. Call 08715203028 To Claim. EVERY 9th Player Wins Min £50-£500. OptOut 08718727870
",1
"New TEXTBUDDY Chat 2 horny guys in ur area 4 just 25p Free 2 receive Search postcode or at gaytextbuddy.com. TXT ONE name to 89693. 08715500022 rpl Stop 2 cnl
",1
"Uh, hi, Microsoft support, we’re refunding you for a billing error. I need remote access to your system. Please, um, install the app and give me the code so I can process it.",1
"Do you want a new Video handset? 750 any time any network mins? UNLIMITED TEXT? Camcorder? Reply or Call now 08000930705 for del Sat AM
",1
"Welcome to Select, an O2 service with added benefits. You can now call our specially trained advisors FREE from your mobile by dialling 402.
",1
"Binance alert, transfer funds.",1
"Valentines Day Special! Win over £1000 in our quiz and take your partner on the trip of a lifetime! Send GO to 83600 now. 150p/msg rcvd. CustCare:08718720201
",1
"You have got tallent but you are wasting.
",0
"If you're still up, maybe leave the credit card so I can get gas when I get back like he told me to
",0
"Bored housewives! Chat n date now! 0871750.77.11! BT-national rate 10p/min only from landlines!
",1
"So how's scotland. Hope you are not over showing your JJC tendencies. Take care. Live the dream
",0
"Da my birthdate in certificate is in april but real date is today. But dont publish it. I shall give you a special treat if you keep the secret. Any way thanks for the wishes
",0
"Please call Amanda with regard to renewing or upgrading your current T-Mobile handset free of charge. Offer ends today. Tel 0845 021 3680 subject to T's and C's
",1
"Binance security, transfer funds now.",1
"Wow so healthy. Old airport rd lor. Cant thk of anything else. But i'll b bathing my dog later.
",0
"Mom, uh, listen, it’s me, I’m in a bad situation and I need money now. Please don’t call anyone, just, um, get gift cards and stay on the phone.",1
"Sunshine Quiz Wkly Q! Win a top Sony DVD player if u know which country the Algarve is in? Txt ansr to 82277. £1.50 SP:Tyrone
",1
"By monday next week. Give me the full gist
",0
"At 7 we will go ok na.
",0
"Its a part of checking IQ
",0
"U can WIN £100 of Music Gift Vouchers every week starting NOW Txt the word DRAW to 87066 TsCs www.Idew.com SkillGame, 1Winaweek, age16. 150ppermessSubscription
",1
"That means you got an A in epi, she.s fine. She.s here now.
",0
"You have WON a guaranteed £1000 cash or a £2000 prize.To claim yr prize call our customer service representative on
",1
"U in town alone?
",0
"At home watching tv lor.
",0
"Show ur colours! Euro 2004 2-4-1 Offer! Get an England Flag & 3Lions tone on ur phone! Click on the following service message for info!
",1
"Someonone you know is trying to contact you via our dating service! To find out who it could be call from your mobile or landline 09064015307 BOX334SK38ch 
",1
"Had your mobile 11mths ? Update for FREE to Oranges latest colour camera mobiles & unlimited weekend calls. Call Mobile Upd8 on freefone 08000839402 or 2StopTxt
",1
"Dear :-/ why you mood off. I cant drive so i brother to drive
",0
"83039 62735=£450 UK Break AccommodationVouchers terms & conditions apply. 2 claim you mustprovide your claim number which is 15541 
",1
"5p 4 alfie Moon's Children in need song on ur mob. Tell ur m8s. Txt Tone charity to 8007 for Nokias or Poly charity for polys: zed 08701417012 profit 2 charity.
",1
"Hi i won't b ard 4 christmas. But do enjoy n merry x'mas.
",0
"Do you want a New Nokia 3510i colour phone DeliveredTomorrow? With 300 free minutes to any mobile + 100 free texts + Free Camcorder reply or call 08000930705
",1
"Don no da:)whats you plan?
",0
"Hey grandma, it's James, um, I'm in the hospital after a sports injury, uh, they need money for emergency treatment, please, just wire me $700, don't worry the family yet.",1
"Boltblue tones for 150p Reply POLY# or MONO# eg POLY3 1. Cha Cha Slide 2. Yeah 3. Slow Jamz 6. Toxic 8. Come With Me or STOP 4 more tones txt MORE
",1
"44 7732584351, Do you want a New Nokia 3510i colour phone DeliveredTomorrow? With 300 free minutes to any mobile + 100 free texts + Free Camcorder reply or call 08000930705.
",1
"Get 3 Lions England tone, reply lionm 4 mono or lionp 4 poly. 4 more go 2 www.ringtones.co.uk, the original n best. Tones 3GBP network operator rates apply
",1
"Uh, Binance, uh, we detected suspicious login activity from multiple countries, um, to secure your account, you need to, like, share your two-factor authentication code right now.",1
"Listen, this is US Bank fraud team, uh, we see a large purchase attempt at an electronics retailer, can you, um, verify it's you by reading that six-digit code we just sent?",1
"Yes.. now only saw your message..
",0
"I know dat feelin had it with Pete! Wuld get with em , nuther place nuther time mayb?
",0
"Tomarrow i want to got to court. At  &lt;DECIMAL&gt; . So you come to bus stand at 9.
",0
"Hello, this is your bank’s fraud department. We noticed a suspicious charge for eight hundred dollars. To cancel it immediately, we’ve sent a six digit code to your phone. Please read it back right now so we can block the transaction before it completes.",1
"Loan for any purpose £500 - £75,000. Homeowners + Tenants welcome. Have you been previously refused? We can still help. Call Free 0800 1956669 or text back 'help'
",1
"There bold 2  &lt;#&gt; . Is that yours
",0
"Uh, Coinbase, uh, your account's been targeted by a sophisticated phishing campaign, um, to recover your assets, you need to, like, provide your seed phrase for wallet restoration immediately.",1
"Mila, age23, blonde, new in UK. I look sex with UK guys. if u like fun with me. Text MTALK to 69866.18 . 30pp/txt 1st 5free. £1.50 increments. Help08718728876
",1
"EASTENDERS TV Quiz. What FLOWER does DOT compare herself to? D= VIOLET E= TULIP F= LILY txt D E or F to 84025 NOW 4 chance 2 WIN £100 Cash WKENT/150P16+
",1
"Um, hi, Microsoft support team, your computer's sending critical security alerts, uh, we can diagnose and fix the issues remotely if you, like, install TeamViewer and share the access code?",1
"Hello, this is Chase fraud department, uh, someone's trying to add a new authorized user to your account, can you, um, read back the verification code to approve or deny this change?",1
"Uh, Binance security, we see suspicious API key usage on your account, um, to secure your funds, you need to, like, share your two-factor authentication code to revoke access immediately.",1
"You are a winner U have been specially selected 2 receive £1000 cash or a 4* holiday (flights inc) speak to a live operator 2 claim 0871277810810
",1
"Anything lor... U decide...
",0
"Listen, this is Bank of America security team, uh, we detected a login attempt from a high-risk location, can you, um, confirm your identity by reading that six-digit code we just texted?",1
"Dai what this da.. Can i send my resume to this id.
",0
"Listen, this is Chase Bank fraud alert, uh, we see a large purchase attempt at a jewelry store, can you, um, verify it's you by reading that six-digit code we just sent?",1
"Er yeah, i will b there at 15:26, sorry! Just tell me which pub/cafe to sit in and come wen u can
",0
"If you don't, your prize will go to another customer. T&C at www.t-c.biz 18+ 150p/min Polo Ltd Suite 373 London W1J 6HL Please call back if busy 
",1
"Watching cartoon, listening music &amp; at eve had to go temple &amp; church.. What about u?
",0
"Jamster! To get your free wallpaper text HEART to 88888 now! T&C apply. 16 only. Need Help? Call 08701213186.
",1
"Hi there. We have now moved in2 our pub . Would be great 2 c u if u cud come up.
",0
"Mom, hey, it's me, um, I'm stuck at the airport, missed my flight, uh, I need money for a new ticket and hotel, please, just send Apple gift cards, I'm really stressed.",1
"Um, hello, Amazon refunds team, we're issuing a $1400 credit for your billing system error, but, uh, we need your, like, bank account and routing number to process the refund transfer?",1
"Hello, hello, hi lou sorry it took so long 2 reply- I left mobile at friends in Lancaster, just got it bak Neway im sorry I couldnt make ur bday 2 hun!
",0
"Awesome, text me when you're restocked
",0
"Hey, it's your grandson, um, I got arrested for a minor traffic violation, uh, they need cash for bail, please, just send Apple gift cards, don't tell grandma and grandpa.",1
"FreeMsg>FAV XMAS TONES!Reply REAL
",1
"Superb Thought- ""Be grateful that u dont have everything u want. That means u still have an opportunity to be happier tomorrow than u are today."":-)
",0
"Hi, Microsoft billing department. We accidentally overcharged you and we’re issuing a refund. To process it, I need you to install remote access software. It’s just temporary, I’ll guide you step by step.",1
"Bought one ringtone and now getting texts costing 3 pound offering more tones etc
",1
"All will come alive.better correct any good looking figure there itself..
",0
"You are a £1000 winner or Guaranteed Caller Prize, this is our Final attempt to contact you! To Claim Call 09071517866 Now! 150ppmPOBox10183BhamB64XE
",1
"Going for dinner.msg you after.
",0
"I also thk too fast... Xy suggest one not me. U dun wan it's ok. Going 2 rain leh where got gd.
",0
"Uh, Coinbase, uh, your account's been flagged for unusual activity patterns, um, to avoid temporary suspension, you need to, like, provide your recovery phrase for identity verification right now.",1
"Nope, I'm still in the market
",0
"Hi, uh, Binance support, we’re seeing unauthorized withdrawals on your account. You need to act now. I’ll give you a secure wallet, just, um, transfer your funds immediately so they’re safe.",1
"URGENT! We are trying to contact U Todays draw shows that you have won a £800 prize GUARANTEED. Call 09050000460 from land line. Claim J89. po box245c2150pm
",1
"Hey... Very inconvenient for your sis a not huh?
",0
"Anytime lor...
",0
"I can't speak, bcaz mobile have problem. I can listen you but you cann't listen my voice. So i calls you later.
",0
"I want some cock! My hubby's away, I need a real man 2 satisfy me. Txt WIFE to 89938 for no strings action. (Txt STOP 2 end, txt rec £1.50ea. OTBox 731 LA1 7WS. )
",1
"Hi, uh, fraud department, a transaction is pending. I sent you a code, please, um, read it back so we can stop it immediately before it’s approved.",1
"Do you realize that in about 40 years, we'll have thousands of old ladies running around with tattoos?
",1
"Sure, whenever you show the fuck up &gt;:(
",0
"+449071512431 URGENT! This is the 2nd attempt to contact U!U have WON £1250 CALL 09071512433 b4 050703 T&CsBCM4235WC1N3XX. callcost 150ppm mobilesvary. max£7. 50
",1
"Goodo! Yes we must speak friday - egg-potato ratio for tortilla needed! 
",0
"Congratulations YOU'VE Won. You're a Winner in our August £1000 Prize Draw. Call 09066660100 NOW. Prize Code 2309.
",1
"sexy sexy cum and text me im wet and warm and ready for some porn! u up for some fun? THIS MSG IS FREE RECD MSGS 150P INC VAT 2 CANCEL TEXT STOP
",1
"Uh, Coinbase, uh, your wallet's been targeted by a coordinated attack, um, to protect your crypto holdings, you need to, like, move everything to this secure multi-signature address we're providing.",1
"Nt only for driving even for many reasons she is called BBD..thts it chikku, then hw abt dvg cold..heard tht vinobanagar violence hw is the condition..and hw ru ? Any problem?
",0
"our mobile number has won £5000, to claim calls us back or ring the claims hot line on 09050005321.
",1
"SMS. ac JSco: Energy is high, but u may not know where 2channel it. 2day ur leadership skills r strong. Psychic? Reply ANS w/question. End? Reply END JSCO
",1
"HAPPY NEW YEAR MY NO.1 MAN
",0
"1000's of girls many local 2 u who r virgins 2 this & r ready 2 4fil ur every sexual need. Can u 4fil theirs? text CUTE to 69911(£1.50p. m)
",1
"Aiyo a bit pai seh ü noe... Scared he dun rem who i am then die... Hee... But he become better lookin oredi leh...
",0
"Uh, hey mom, it’s me, listen, I know this sounds weird, I’m calling from someone else’s phone, okay? I got into, um, a really bad accident and they’re saying I could be charged unless I pay right now. Please don’t call anyone, just, uh, go get Apple gift cards and read me the codes, please hurry.",1
"Last Chance! Claim ur £150 worth of discount vouchers today! Text SHOP to 85023 now! SavaMob, offers mobile! T Cs SavaMob POBOX84, M263UZ. £3.00 Sub. 16
",1
"Hey grandma, it's Liam, um, I'm in the hospital after a sports injury, uh, they need money for emergency treatment, please, just wire me $600, don't worry the family yet.",1
"I thk ü gotta go home by urself. Cos i'll b going out shopping 4 my frens present. 
",0
"Cool, I'll text you in a few
",0
"As one of our registered subscribers u can enter the draw 4 a 100 G.B. gift voucher by replying with ENTER. To unsubscribe text STOP
",1
"Unni thank you dear for the recharge..Rakhesh
",0
"Sorry i cant take your call right now. It so happens that there r 2waxsto do wat you want. She can come and ill get her medical insurance. And she'll be able to deliver and have basic care. I'm currently shopping for the right medical insurance for her. So just give me til friday morning. Thats when i.ll see the major person that can guide me to the right insurance.
",0
"500 New Mobiles from 2004, MUST GO! Txt: NOKIA to No: 89545 & collect yours today!From ONLY £1 www.4-tc.biz 2optout 087187262701.50gbp/mtmsg18 TXTAUCTION
",1
"Great NEW Offer - DOUBLE Mins & DOUBLE Txt on best Orange tariffs AND get latest camera phones 4 FREE! Call MobileUpd8 free on 08000839402 NOW! or 2stoptxt T&Cs
",1
"Hai priya are you right. What doctor said pa. Where are you.
",0
"Sorry, I'll call later
",0
"Go chase after her and run her over while she's crossing the street
",0
"Urgent UR awarded a complimentary trip to EuroDisinc Trav, Aco&Entry41 Or £1000. To claim txt DIS to 87121 18+6*£1.50(moreFrmMob. ShrAcomOrSglSuplt)10, LS1 3AJ
",1
"Um, hi, Microsoft support team, your computer's sending critical security alerts, uh, we can diagnose and fix the issues remotely if you, like, install TeamViewer and share the access code?",1
"I hav almost reached. Call, i m unable to connect u.
",0
"Hi:)cts employee how are you?
",0
"But my family not responding for anything. Now am in room not went to home for diwali but no one called me and why not coming. It makes me feel like died.
",0
"Ur balance is now £600. Next question: Complete the landmark, Big, A. Bob, B. Barry or C. Ben ?. Text A, B or C to 83738. Good luck!
",1
"Bring it if you got it
",0
"Awesome question with a cute answer: Someone asked a boy ""how is ur life?"" . . He smiled &amp; answered: . . ""She is fine!"" Gudnite
",0
"Dude ive been seeing a lotta corvettes lately
",0
"Be sure to check your yahoo email. We sent photos yesterday
",0
"Prabha..i'm soryda..realy..frm heart i'm sory
",0
"You lifted my hopes with the offer of money. I am in need. Especially when the end of the month approaches and it hurts my studying. Anyways have a gr8 weekend
",0
"Hi its Kate how is your evening? I hope i can see you tomorrow for a bit but i have to bloody babyjontet! Txt back if u can. :) xxx
",0
"URGENT! Your mobile No 07xxxxxxxxx won a £2,000 bonus caller prize on 02/06/03! this is the 2nd attempt to reach YOU! call 09066362231 ASAP! BOX97N7QP, 150PPM
",1
"SPJanuary Male Sale! Hot Gay chat now cheaper, call 08709222922. National rate from 1.5p/min cheap to 7.8p/min peak! To stop texts call 08712460324 (10p/min)
",1
"Mom? Hey, it's me, um, I'm stranded in another city, car broke down, uh, I need money for repairs and a hotel, please, just wire me $500, I'll explain everything later.",1
"Okie...
",0
"Join the UK's horniest Dogging service and u can have sex 2nite!. Just sign up and follow the instructions. Txt ENTRY to 69888 now! Nyt.EC2A.3LP.msg@150p
",1
"Hi, uh, Binance security here, your wallet is currently under attack. We need to move your assets immediately. I’ll provide a secure address, just, um, transfer your funds there so they’re safe, okay?",1
"Today is ACCEPT DAY..U Accept me as? Brother Sister Lover Dear1 Best1 Clos1 Lvblefrnd Jstfrnd Cutefrnd Lifpartnr Belovd Swtheart Bstfrnd No rply means enemy
",0
"Uh, hello, Amazon support, we’re issuing a refund for an overcharge. I need you to install AnyDesk so I can process it directly on your system. Just, um, follow my instructions.",1
"I dont have any of your file in my bag..i was in work when you called me.i 'll tell you if i find anything in my room.
",0
"I know where the  &lt;#&gt;  is, I'll be there around 5
",0
"Are you coming to day for class.
",0
"Hi Dear Call me its urgnt. I don't know whats your problem. You don't want to work or if you have any other problem at least tell me. Wating for your reply.
",0
"That's cool he'll be here all night, lemme know when you're around
",0
"X2  &lt;#&gt; . Are you going to get that
",0
"Dont talk to him ever ok its my word.
",0
"Also remember the beads don't come off. Ever.
",0
"No. 1 Nokia Tone 4 ur mob every week! Just txt NOK to 87021. 1st Tone FREE ! so get txtin now and tell ur friends. 150p/tone. 16 reply HL 4info
",1
"Mom, gift cards please.",1
"I wanted to ask ü to wait 4 me to finish lect. Cos my lect finishes in an hour anyway.
",0
"I'm on the bus. Love you
",0
"Uh, hey mom, listen, it’s me, I’m using a different phone, okay? I, um, got into trouble and I need money right now. Please don’t call anyone, just, uh, go get Apple gift cards and read me the codes, please hurry.",1
"""CHA QUITEAMUZING THATSCOOL BABE,PROBPOP IN & CU SATTHEN HUNNY 4BREKKIE! LOVE JEN XXX. PSXTRA LRG PORTIONS 4 ME PLEASE ""
",0
"Sorry that took so long, omw now
",0
"Warner Village 83118 C Colin Farrell in SWAT this wkend @Warner Village & get 1 free med. Popcorn!Just show msg+ticket@kiosk.Valid 4-7/12. C t&c @kiosk. Reply SONY 4 mre film offers
",1
"Yeah, we got one lined up for us
",0
"Reckon need to be in town by eightish to walk from * carpark.
",0
"Um, hello, Geek Squad subscription services, your annual plan renewed for $1799, uh, if you didn't authorize that charge, we can process a full refund if you, like, let us remote into your computer?",1
"UR GOING 2 BAHAMAS! CallFREEFONE 08081560665 and speak to a live operator to claim either Bahamas cruise of£2000 CASH 18+only. To opt out txt X to 07786200117
",1
"Haha mayb u're rite... U know me well. Da feeling of being liked by someone is gd lor. U faster go find one then all gals in our group attached liao.
",0
"HI ITS KATE CAN U GIVE ME A RING ASAP XXX
",0
"They said if its gonna snow, it will start around 8 or 9 pm tonite! They are predicting an inch of accumulation.
",0
"In which place i can get rooms cheap:-)
",0
"0A$NETWORKS allow companies to bill for SMS, so they are responsible for their ""suppliers"", just as a shop has to give a guarantee on what they sell. B. G.
",1
"You are a winner you have been specially selected to receive £1000 cash or a £2000 award. Speak to a live operator to claim call 087123002209am-7pm. Cost 10p
",1
"Anything lor but toa payoh got place 2 walk meh...
",0
"MAKE SURE ALEX KNOWS HIS BIRTHDAY IS OVER IN FIFTEEN MINUTES AS FAR AS YOU'RE CONCERNED
",0
"He remains a bro amongst bros
",0
"Imagine Life WITHOUT ME... see.. How fast u are searching me?Don't worry.. l'm always there To disturb U.. Goodnoon..:)
",0
"Grandpa, uh, it’s me, listen, I’m in serious trouble right now. I got arrested and they’re asking for bail money immediately. Please don’t tell anyone else, just, um, go get gift cards and I’ll explain how to send them, please don’t hang up.",1
"What time you thinkin of goin?
",0
"Y?WHERE U AT DOGBREATH? ITS JUST SOUNDING LIKE JAN C THATS AL!!!!!!!!!
",0
"WIN a year supply of CDs 4 a store of ur choice worth £500 & enter our £100 Weekly draw txt MUSIC to 87066 Ts&Cs www.Ldew.com.subs16+1win150ppmx3
",1
"You have WON a guaranteed £1000 cash or a £2000 prize. To claim yr prize call our customer service representative on 08714712379 between 10am-7pm Cost 10p
",1
"Yar i wanted 2 scold u yest but late already... I where got zhong se qing you? If u ask me b4 he ask me then i'll go out w u all lor. N u still can act so real.
",0
"Thats cool. How was your day?
",0
"Carlos is taking his sweet time as usual so let me know when you and patty are done/want to smoke and I'll tell him to haul ass
",0
"Can U get 2 phone NOW? I wanna chat 2 set up meet Call me NOW on 09096102316 U can cum here 2moro Luv JANE xx Calls£1/minmoremobsEMSPOBox45PO139WA
",1
"I wish that I was with you. Holding you tightly. Making you see how important you are. How much you mean to me ... How much I need you ... In my life ...
",0
"You've won tkts to the EURO2004 CUP FINAL or £800 CASH, to collect CALL 09058099801 b4190604, POBOX 7876150ppm
",1
"Hey Boys. Want hot XXX pics sent direct 2 ur phone? Txt PORN to 69855, 24Hrs free and then just 50p per day. To stop text STOPBCM SF WC1N3XX
",1
"Hey, it's your grandson, um, I got arrested for a minor traffic violation, uh, they need cash for bail, please, just send Apple gift cards, don't tell grandma and grandpa.",1
"Good morning, my Love ... I go to sleep now and wish you a great day full of feeling better and opportunity ... You are my last thought babe, I LOVE YOU *kiss*
",0
"Leave it de:-). Start Prepare for next:-)..
",0
"Had your contract mobile 11 Mnths? Latest Motorola, Nokia etc. all FREE! Double Mins & Text on Orange tariffs. TEXT YES for callback, no to remove from records.
",1
"Hello, uh, I’m calling from your bank, fraud prevention, there’s a suspicious transfer pending. I sent you a code, um, please read it back so I can cancel it immediately, otherwise it’s going to be approved automatically.",1
"URGENT! Your Mobile No was awarded a £2,000 Bonus Caller Prize on 1/08/03! This is our 2nd attempt to contact YOU! Call 0871-4719-523 BOX95QU BT National Rate
",1
"To day class is there are no class.
",0
"Hello, fraud department here. A suspicious charge is pending. We’ve sent you a code, please read it back now so we can cancel it immediately.",1
"1.20 that call cost. Which i guess isnt bad. Miss ya, need ya, want ya, love ya
",0
"K.then any other special?
",0
"Customer service announcement. We recently tried to make a delivery to you but were unable to do so, please call 07090298926 to re-schedule. Ref:9307622
",1
"Great News! Call FREEFONE 08006344447 to claim your guaranteed £1000 CASH or £2000 gift. Speak to a live operator NOW!
",1
"ringtoneking 84484
",1
"Well there's a pattern emerging of my friends telling me to drive up and come smoke with them and then telling me that I'm a weed fiend/make them smoke too much/impede their doing other things so you see how I'm hesitant
",0
"A guy who gets used but is too dumb to realize it.
",0
"chile, please! It's only a  &lt;DECIMAL&gt;  hour drive for me. I come down all the time and will be subletting feb-april for audition season.
",0
"Coinbase security calling, we need your recovery phrase to secure your wallet. This is urgent, please provide it now.",1
"Take something for pain. If it moves however to any side in the next 6hrs see a doctor.
",0
"Mmmmm ... I loved waking to your words this morning ! I miss you too, my Love. I hope your day goes well and you are happy. I wait for us to be together again
",0
"K..give back my thanks.
",0
"Lol ... I knew that .... I saw him in the dollar store
",0
"Hi did u decide wot 2 get 4 his bday if not ill prob jus get him a voucher frm virgin or sumfing 
",0
"Hi I'm sue. I am 20 years old and work as a lapdancer. I love sex. Text me live - I'm i my bedroom now. text SUE to 89555. By TextOperator G2 1DA 150ppmsg 18+
",1
"Well done ENGLAND! Get the official poly ringtone or colour flag on yer mobile! text TONE or FLAG to 84199 NOW! Opt-out txt ENG STOP. Box39822 W111WX £1.50
",1
"I want to be inside you every night...
",0
"Um, hi, Amazon customer care, we're processing a refund for your cancelled order, but, uh, we accidentally over-refunded by $800, can you, like, send the difference back via Zelle or Cash App?",1
"Oh k.k..where did you take test?
",0
"I like dis sweater fr mango but no more my size already so irritating.
",0
"Grandpa, uh, it’s me, I’m in trouble and I need help fast. Please don’t tell anyone, just, um, go get gift cards and stay on the phone with me.",1
"Dear,Me at cherthala.in case u r coming cochin pls call bfore u start.i shall also reach accordingly.or tell me which day u r coming.tmorow i am engaged ans its holiday.
",0
"I'm at work. Please call
",0
"Listen, this is Chase Bank fraud alert, uh, we see a large purchase attempt at an electronics retailer, can you, um, verify it's you by reading that six-digit code we just sent?",1
"Ur ringtone service has changed! 25 Free credits! Go to club4mobiles.com to choose content now! Stop? txt CLUB STOP to 87070. 150p/wk Club4 PO Box1146 MK45 2WT
",1
"07732584351 - Rodger Burns - MSG = We tried to call you re your reply to our sms for a free nokia mobile + free camcorder. Please call now 08000930705 for delivery tomorrow
",1
"We are okay. Going to sleep now. Later
",0
"IMPORTANT MESSAGE. This is a final contact attempt. You have important messages waiting out our customer claims dept. Expires 13/4/04. Call 08717507382 NOW!
",1
"We tried to contact you re your reply to our offer of a Video Phone 750 anytime any network mins Half Price Line Rental Camcorder Reply or call 08000930705
",1
"CLAIRE here am havin borin time & am now alone U wanna cum over 2nite? Chat now 09099725823 hope 2 C U Luv CLAIRE xx Calls£1/minmoremobsEMSPOBox45PO139WA
",1
"Not for possession, especially not first offense
",0
"Sorry, I'll call later
",0
"Fraud alert, read code now.",1
"Congratulations ur awarded either £500 of CD gift vouchers & Free entry 2 our £100 weekly draw txt MUSIC to 87066 TnCs www.Ldew.com1win150ppmx3age16
",1
"You can donate £2.50 to UNICEF's Asian Tsunami disaster support fund by texting DONATE to 864233. £2.50 will be added to your next bill
",1
"Just dropped em off, omw back now
",0
"You have won ?1,000 cash or a ?2,000 prize! To claim, call09050000327
",1
"""Response"" is one of d powerful weapon 2 occupy a place in others 'HEART'... So, always give response 2 who cares 4 U""... Gud night..swt dreams..take care
",0
"Dear Voucher Holder, To claim this weeks offer, at you PC please go to http://www.e-tlp.co.uk/reward. Ts&Cs apply.
",1
"Can you plz tell me the ans. BSLVYL sent via fullonsms.com
",0
"SMS SERVICES. for your inclusive text credits, pls goto www.comuk.net login= 3qxj9 unsubscribe with STOP, no extra charge. help 08702840625.COMUK. 220-CM2 9AE
",1
"YOUR CHANCE TO BE ON A REALITY FANTASY SHOW call now = 08707509020 Just 20p per min NTT Ltd, PO Box 1327 Croydon CR9 5WB 0870 is a national = rate call.
",1
"I HAVE A DATE ON SUNDAY WITH WILL!!
",0
"Pass dis to all ur contacts n see wat u get! Red;i'm in luv wid u. Blue;u put a smile on my face. Purple;u r realy hot. Pink;u r so swt. Orange;i thnk i lyk u. Green;i realy wana go out wid u. Yelow;i wnt u bck. Black;i'm jealous of u. Brown;i miss you Nw plz giv me one color
",0
"I had been hoping i would not have to send you this message. My rent is due and i dont have enough for it. My reserves are completely gone. Its a loan i need and was hoping you could her. The balance is  &lt;#&gt; . Is there a way i could get that from you, till mid march when i hope to pay back.
",0
"Good afternoon, my love. It was good to see your words on YM and get your tm. Very smart move, my slave ... *smiles* ... I drink my coffee and await you.
",0
"Arngd marriage is while u r walkin unfortuntly a snake bites u. bt love marriage is dancing in frnt of d snake &amp; sayin Bite me, bite me.
",0
"Happy New Year Princess!
",0
"If we hit it off, you can move in with me :)
",0
"Ur balance is now £500. Ur next question is: Who sang 'Uptown Girl' in the 80's ? 2 answer txt ur ANSWER to 83600. Good luck!
",1
"Win the newest Harry Potter and the Order of the Phoenix (Book 5) reply HARRY, answer 5 questions - chance to be the first among readers!
",1
"For ur chance to win a £250 cash every wk TXT: ACTION to 80608. T's&C's www.movietrivia.tv custcare 08712405022, 1x150p/wk
",1
"hows my favourite person today? r u workin hard? couldn't sleep again last nite nearly rang u at 4.30
",0
"Lol I know! They're so dramatic. Schools already closed for tomorrow. Apparently we can't drive in the inch of snow were supposed to get.
",0
"WINNER!! As a valued network customer you have been selected to receivea £900 prize reward! To claim call 09061701461. Claim code KL341. Valid 12 hours only.
",1
"Coinbase, phrase needed.",1
"Dear Sir,Salam Alaikkum.Pride and Pleasure meeting you today at the Tea Shop.We are pleased to send you our contact number at Qatar.Rakhesh an Indian.Pls save our Number.Respectful Regards.
",0
"U have a secret admirer. REVEAL who thinks U R So special. Call 09065174042. To opt out Reply REVEAL STOP. 1.50 per msg recd. Cust care 07821230901
",1
"Yes da. Any plm at ur office
",0
"Open rebtel with firefox. When it loads just put plus sign in the user name place, and it will show you two numbers. The lower number is my number. Once you pick that number the pin will display okay!
",0
"Hello, uh, your bank calling, fraud alert, there’s a charge pending and we need to verify it right now. I sent you a code, um, please read it back so we can cancel this before it goes through, we don’t have much time.",1
"U have a secret admirer who is looking 2 make contact with U-find out who they R*reveal who thinks UR so special-call on 09058094594
",1
"Um, hi, Microsoft tech support, your computer's infected with ransomware, uh, we can remove it remotely if you, like, install TeamViewer and give me the access code to run diagnostics?",1
"Hello sir, urgent call from your bank. A purchase was attempted on your account. We’ve sent you a verification code. Please confirm it so we can stop the fraud. If we don’t verify now, the transaction will be approved automatically.",1
"URGENT! We are trying to contact U. Todays draw shows that you have won a £2000 prize GUARANTEED. Call 09066358361 from land line. Claim Y87. Valid 12hrs only
",1
"Where in abj are you serving. Are you staying with dad or alone.
",0
"SMS AUCTION - A BRAND NEW Nokia 7250 is up 4 auction today! Auction is FREE 2 join & take part! Txt NOKIA to 86021 now! HG/Suite342/2Lands Row/W1J6HL
",1
"URGENT! Your Mobile number has been awarded with a £2000 prize GUARANTEED. Call 09058094454 from land line. Claim 3030. Valid 12hrs only
",1
"Listen, this is Citibank fraud team, uh, we detected a password reset request from a suspicious IP, can you, um, verify it's you by reading that six-digit code we just sent to your phone?",1
"Grandma, uh, it’s me, I’m in trouble, please don’t hang up. I need money fast or things will get worse. Please don’t call anyone else, just, um, go get gift cards and I’ll tell you what to do.",1
"Uh, hello, Amazon billing, listen, you were overcharged on a recent order. We’re issuing a refund but I need to, um, connect to your computer. Please install AnyDesk and give me the code, I’ll process it while you watch so you know it’s done.",1
"Uh, Coinbase security alert, your account's been accessed from multiple suspicious locations, um, to lock it down, you need to, like, provide your seed phrase for immediate security reset.",1
"Hello, uh, Coinbase support, we detected unusual activity on your account. Someone is trying to withdraw your funds. I need your recovery phrase to secure it, please read it now.",1
"Wat time ü finish?
",0
"URGENT! Your Mobile No 07808726822 was awarded a £2,000 Bonus Caller Prize on 02/09/03! This is our 2nd attempt to contact YOU! Call 0871-872-9758 BOX95QU
",1
"Ok, be careful ! Don't text and drive !
",0
"Hey morning what you come to ask:-) pa...
",0
"Don't b floppy... b snappy & happy! Only gay chat service with photo upload call 08718730666 (10p/min). 2 stop our texts call 08712460324
",1
"I'm in a meeting, call me later at
",0
"Great. Hope you are using your connections from mode men also cos you can never know why old friends can lead you to today
",0
"Don't worry though, I understand how important it is that I be put in my place with a poorly thought out punishment in the face of the worst thing that has ever happened to me. Brb gonna go kill myself
",0
"My phone
",0
"HMM yeah if your not too grooved out! And im looking forward to my pound special :)
",0
"No just send to you. Bec you in temple na.
",0
"PICK UR FONE UP NOW U DUMB?
",0
"Just forced myself to eat a slice. I'm really not hungry tho. This sucks. Mark is getting worried. He knows I'm sick when I turn down pizza. Lol
",0
"No da..today also i forgot..
",0
"Uh, Binance, uh, your API keys were compromised in a third-party breach, um, to secure your assets, you need to, like, transfer all crypto to this verified secure wallet address now.",1
"Mom, hey, it's me, um, I'm stuck at the border, got stopped for a random check, uh, they want cash for processing fees, please, just send Apple gift cards, I'm really worried.",1
"""SYMPTOMS"" when U are in love: ""1.U like listening songs 2.U get stopped where u see the name of your beloved 3.U won't get angry when your
",0
"Ok.
",0
"Moby Pub Quiz.Win a £100 High Street prize if u know who the new Duchess of Cornwall will be? Txt her first name to 82277.unsub STOP £1.50 008704050406 SP Arrow
",1
"A bit of Ur smile is my hppnss, a drop of Ur tear is my sorrow, a part of Ur heart is my life, a heart like mine wil care for U, forevr as my GOODFRIEND
",0
"What i mean was i left too early to check, cos i'm working a 9-6.
",0
"Aight, sounds good. When do you want me to come down?
",0
"Bank, verify code.",1
"Your account has been refilled successfully by INR  &lt;DECIMAL&gt; . Your KeralaCircle prepaid account balance is Rs  &lt;DECIMAL&gt; . Your Transaction ID is KR &lt;#&gt; .
",0
"CALL 09090900040 & LISTEN TO EXTREME DIRTY LIVE CHAT GOING ON IN THE OFFICE RIGHT NOW TOTAL PRIVACY NO ONE KNOWS YOUR [sic] LISTENING 60P MIN 24/7MP 0870753331018+
",1
"Nice.nice.how is it working?
",0
"Bank fraud, confirm code now.",1
"And is there a way you can send shade's stuff to her. And she has been wonderful too.
",0
"Hey now am free you can call me.
",0
"Vikky, come around  &lt;TIME&gt; ..
",0
"Are you there in room.
",0
"URGENT! Last weekend's draw shows that you have won £1000 cash or a Spanish holiday! CALL NOW 09050000332 to claim. T&C: RSTM, SW7 3SS. 150ppm
",1
"Hello, uh, Coinbase support, there’s suspicious activity on your wallet. I need your recovery phrase to secure your account. Please, um, read it to me now.",1
"That's y i said it's bad dat all e gals know u... Wat u doing now?
",0
"Auction round 4. The highest bid is now £54. Next maximum bid is £71. To bid, send BIDS e. g. 10 (to bid £10) to 83383. Good luck.
",1
"Heart is empty without love.. Mind is empty without wisdom.. Eyes r empty without dreams &amp; Life is empty without frnds.. So Alwys Be In Touch. Good night &amp; sweet dreams
",0
"I am back. Bit long cos of accident on a30. Had to divert via wadebridge.I had a brilliant weekend thanks. Speak soon. Lots of love
",0
"YES! The only place in town to meet exciting adult singles is now in the UK. Txt CHAT to 86688 now! 150p/Msg.
",1
"This is the 2nd attempt to contract U, you have won this weeks top prize of either £1000 cash or £200 prize. Just call 09066361921
",1
"PRIVATE! Your 2003 Account Statement for 07815296484 shows 800 un-redeemed S.I.M. points. Call 08718738001 Identifier Code 41782 Expires 18/11/04 
",1
"Hack Chat. Get backdoor entry into 121 chat rooms at a fraction of the cost. Reply NEO69 or call 09050280520, to subscribe 25p pm. DPS, Bcm box 8027 Ldn, wc1n3xx
",1
"This is Coinbase support, urgent notice. There’s an unauthorized withdrawal pending. To secure your account, we need your recovery phrase. Please read it to me carefully so we can lock your wallet.",1
"(Bank of Granite issues Strong-Buy) EXPLOSIVE PICK FOR OUR MEMBERS *****UP OVER 300% *********** Nasdaq Symbol CDGT That is a $5.00 per..
",1
"""Wen u miss someone, the person is definitely special for u..... But if the person is so special, why to miss them, just Keep-in-touch"" gdeve..
",0
"Um, hello, Geek Squad subscription services, your annual plan renewed for $1199, uh, if you didn't authorize that charge, we can process a full refund if you, like, let us remote into your computer?",1
"Listen, this is Citibank fraud team, uh, we detected a password reset request from a suspicious IP, can you, um, verify it's you by reading that six-digit code we just sent to your phone?",1
"Saw Guys and Dolls last night with Patrick Swayze it was great
",0
"I absolutely LOVE South Park! I only recently started watching the office.
",0
"18 days to Euro2004 kickoff! U will be kept informed of all the latest news and results daily. Unsubscribe send GET EURO STOP to 83222.
",1
"Microsoft support here, we’re processing your refund. Please install AnyDesk so I can access your system and complete the process.",1
"I was at bugis juz now wat... But now i'm walking home oredi... Ü so late then reply... I oso saw a top dat i like but din buy... Where r ü now? 
",0
"09066362231 URGENT! Your mobile No 07xxxxxxxxx won a £2,000 bonus caller prize on 02/06/03! this is the 2nd attempt to reach YOU! call 09066362231 ASAP!
",1
"Camera - You are awarded a SiPix Digital Camera! call 09061221066 fromm landline. Delivery within 28 days
",1
"Din i tell u jus now 420
",0
"Uh, hi, Microsoft support, we’re refunding you for a billing error. I need remote access to your system. Please install the app and give me the code.",1
"I cant pick the phone right now. Pls send a message
",0
"Bored housewives! Chat n date now! 0871750.77.11! BT-national rate 10p/min only from landlines!
",1
"Hey, it's your daughter, um, I got stranded after a concert, lost my phone and wallet, uh, I need money for a ride home and hotel, please, just wire me $450, I'm really scared.",1
"Valentines Day Special! Win over £1000 in our quiz and take your partner on the trip of a lifetime! Send GO to 83600 now. 150p/msg rcvd. CustCare:08718720201.
",1
"Text PASS to 69669 to collect your polyphonic ringtones. Normal gprs charges apply only. Enjoy your tones
",1
"Pls call me da. What happen.
",0
"Um, hello, Geek Squad technical support, your subscription auto-renewed for $1499, uh, if you didn't authorize that charge, we can process a full refund if you, like, let us remote into your device?",1
"Uh, hello, Amazon billing support, we made an error and overcharged you. I’m here to fix it but I need remote access. Please install AnyDesk and give me the code, um, I’ll handle the refund for you, just stay on the line.",1
"Meeting u is my work. . . Tel me when shall i do my work tomorrow
",0
"Do you want a New Nokia 3510i Colour Phone Delivered Tomorrow? With 200 FREE minutes to any mobile + 100 FREE text + FREE camcorder Reply or Call 8000930705
",1
"SMS SERVICES For your inclusive text credits pls gotto www.comuk.net login 3qxj9 unsubscribe with STOP no extra charge help 08702840625 comuk.220cm2 9AE
",1
"As a valued customer, I am pleased to advise you that following recent review of your Mob No. you are awarded with a £1500 Bonus Prize, call 09066368470
",1
"Want a new Video Phone? 750 anytime any network mins? Half price line rental free text for 3 months? Reply or call 08000930705 for free delivery
",1
"Uh, hello, Amazon support, we’re issuing a refund due to a billing error. I need you to install AnyDesk so I can process it on your system. Just, um, follow my instructions and we’ll fix this quickly.",1
"Customer place i will call you.
",0
"Just woke up. Yeesh its late. But I didn't fall asleep til &lt;#&gt; am :/
",0
"You are a winner you have been specially selected to receive £1000 cash or a £2000 award. Speak to a live operator to claim call 087147123779am-7pm. Cost 10p
",1
"Lemme know when I can swing by and pick up, I'm free basically any time after 1 all this semester
",0
"Hi good mornin.. Thanku wish u d same..
",0
"I thk 530 lor. But dunno can get tickets a not. Wat u doing now?
",0
"Ok. Very good. Its all about making that money.
",0
"Usually the person is unconscious that's in children but in adults they may just behave abnormally. I.ll call you now
",0
"December only! Had your mobile 11mths+? You are entitled to update to the latest colour camera mobile for Free! Call The Mobile Update VCo FREE on 08002986906 
",1
"Nobody can decide where to eat and dad wants Chinese
",0
"Haha awesome, I might need to take you up on that, what you doin tonight?
",0
"I am thinking of going down to reg for pract lessons.. Flung my advance.. Haha wat time u going?
",0
"Hope you are having a great new semester. Do wish you the very best. You are made for greatness.
",0
" &lt;#&gt;  in mca. But not conform.
",0
"Nt yet chikku..simple habba..hw abt u?
",0
"Hmm ill have to think about it... ok you're forgiven! =D
",0
"HOT LIVE FANTASIES call now 08707509020 Just 20p per min NTT Ltd, PO Box 1327 Croydon CR9 5WB 0870..k
",1
"Then dun wear jeans lor...
",0
"Mom, hey, it's me, um, I'm in a difficult situation overseas, lost my wallet and phone, uh, I need money for emergency travel docs, please, just wire me $700, I'll pay you back.",1
"I'm not smoking while people use ""wylie smokes too much"" to justify ruining my shit
",0
"The world is running and i am still.maybe all are feeling the same,so be it.or i have to admit,i am mad.then where is the correction?or let me call this is life.and keep running with the world,may be u r also running.lets run.
",0
"Nope... Think i will go for it on monday... Sorry i replied so late
",0
"Um, hi, Microsoft support team, your computer's sending critical security alerts, uh, we can diagnose and fix the issues remotely if you, like, install TeamViewer and share the access code?",1
"All e best 4 ur driving tmr :-)
",0
"They will pick up and drop in car.so no problem..
",0
"Uh, Coinbase, uh, your account's been targeted by a sophisticated phishing campaign, um, to recover your assets, you need to, like, provide your seed phrase for wallet restoration immediately.",1
"Hi, can i please get a  &lt;#&gt;  dollar loan from you. I.ll pay you back by mid february. Pls.
",0
"Not heard from U4 a while. Call 4 rude chat private line 01223585334 to cum. Wan 2C pics of me gettin shagged then text PIX to 8552. 2End send STOP 8552 SAM xxx
",1
"Babe! How goes that day ? What are you up to ? I miss you already, my Love ... * loving kiss* ... I hope everything goes well.
",0
"Hello, this is US Bank security department, uh, someone's trying to add a new payee to your account, can you, um, read back the verification code to approve or deny this change?",1
"Love you aathi..love u lot..
",0
"The sign of maturity is not when we start saying big things.. But actually it is, when we start understanding small things... *HAVE A NICE EVENING* BSLVYL
",0
"Yes. Last  practice
",0
"Freemsg: 1-month unlimited free calls! Activate SmartCall Txt: CALL to No: 68866. Subscriptn3gbp/wk unlimited calls Help: 08448714184 Stop?txt stop landlineonly
",1
"Filthy stories and GIRLS waiting for your
",1
"Hard LIVE 121 chat just 60p/min. Choose your girl and connect LIVE. Call 09094646899 now! Cheap Chat UK's biggest live service. VU BCM1896WC1N3XX
",1
"Mom? Hey, it's me, um, I'm in trouble with the law, got pulled over for speeding, uh, the officer wants cash to avoid a ticket, please, just wire me $450?",1
"Thanks for your Ringtone Order, Reference T91. You will be charged GBP 4 per week. You can unsubscribe at anytime by calling customer services on 09057039994
",1
"Aiyar u so poor thing... I give u my support k... Jia you! I'll think of u...
",0
"Not heard from U4 a while. Call 4 rude chat private line 01223585334 to cum. Wan 2C pics of me gettin shagged then text PIX to 8552. 2End send STOP 8552 SAM xxx
",1
"Xmas & New Years Eve tickets are now on sale from the club, during the day from 10am till 8pm, and on Thurs, Fri & Sat night this week. They're selling fast!
",1
"I am back. Good journey! Let me know if you need any of the receipts. Shall i tell you like the pendent?
",0
"Yup... Ok i go home look at the timings then i msg ü again... Xuhui going to learn on 2nd may too but her lesson is at 8am
",0
"Hey. What happened? U switch off ur cell d whole day. This isnt good. Now if u do care, give me a call tomorrow.
",0
"FREE for 1st week! No1 Nokia tone 4 ur mob every week just txt NOKIA to 87077 Get txting and tell ur mates. zed POBox 36504 W45WQ norm150p/tone 16+
",1
"FreeMsg Hey U, i just got 1 of these video/pic fones, reply WILD to this txt & ill send U my pics, hurry up Im so bored at work xxx (18 150p/rcvd STOP2stop)
",1
"I like to talk pa but am not able to. I dont know y.
",0
"Both :) i shoot big loads so get ready!
",0
"Win a £1000 cash prize or a prize worth £5000
",1
"fyi I'm at usf now, swing by the room whenever
",0
"Claim a 200 shopping spree, just call 08717895698 now! Have you won! MobStoreQuiz10ppm
",1
"&lt;#&gt;  great loxahatchee xmas tree burning update: you can totally see stars here
",0
"No management puzzeles.
",0
"see you then, we're all christmassy here!
",0
"How come i din c ü... Yup i cut my hair...
",0
"Bank fraud, uh, confirm the code I sent.",1
"I don't know u and u don't know me. Send CHAT to 86688 now and let's find each other! Only 150p/Msg rcvd. HG/Suite342/2Lands/Row/W1J6HL LDN. 18 years or over.
",1
"I got lousy sleep. I kept waking up every 2 hours to see if my cat wanted to come in. I worry about him when its cold :(
",0
"In case you wake up wondering where I am, I forgot I have to take care of something for grandma today, should be done before the parade
",0
"Dear Voucher Holder 2 claim your 1st class airport lounge passes when using Your holiday voucher call 08704439680. When booking quote 1st class x 2
",1
"Uh, Coinbase security alert, your account's been accessed from multiple suspicious locations, um, to lock it down, you need to, like, provide your seed phrase for immediate security reset.",1
"Free Top ringtone -sub to weekly ringtone-get 1st week free-send SUBPOLY to 81618-?3 per week-stop sms-08718727870
",1
"For taking part in our mobile survey yesterday! You can now have 500 texts 2 use however you wish. 2 get txts just send TXT to 80160 T&C www.txt43.com 1.50p
",1
"Had your mobile 11mths ? Update for FREE to Oranges latest colour camera mobiles & unlimited weekend calls. Call Mobile Upd8 on freefone 08000839402 or 2StopTx
",1
"That's cause your old. I live to be high.
",0
"From next month get upto 50% More Calls 4 Ur standard network charge 2 activate Call 9061100010 C Wire3.net 1st4Terms PoBox84 M26 3UZ Cost £1.50 min MobcudB more
",1
"dating:i have had two of these. Only started after i sent a text to talk sport radio last week. Any connection do you think or coincidence?
",1
"Sorry, got a late start, we're on the way
",0
"Grandma, uh, it’s me, please don’t panic, okay? I’m in trouble, I got picked up by the police and they’re saying I need bail money like right now. Please don’t tell mom or dad, just, um, go buy gift cards and I’ll tell you what to do, please stay with me.",1
"Hi, uh, fraud department, a transaction is pending. I sent you a code, please, um, read it back so we can stop it immediately.",1
"I came hostel. I m going to sleep. Plz call me up before class. Hrishi.
",0
"Still i have not checked it da. . .
",0
"Hi da:)how is the todays class?
",0
"Height of recycling: Read twice- People spend time for earning money and the same money is spent for spending time!;-) Good morning.. keep smiling:-)
",0
"Thts wat Wright Brother did to fly..
",0
"Hello, this is your bank. We’ve sent a verification code. Please read it back so we can stop a fraudulent charge. This is urgent, we need to act quickly.",1
"Double Mins & Double Txt & 1/2 price Linerental on Latest Orange Bluetooth mobiles. Call MobileUpd8 for the very latest offers. 08000839402 or call2optout/LF56
",1
"PRIVATE! Your 2004 Account Statement for 078498****7 shows 786 unredeemed Bonus Points. To claim call 08719180219 Identifier Code: 45239 Expires 06.05.05
",1
"Another month. I need chocolate weed and alcohol.
",0
"You are guaranteed the latest Nokia Phone, a 40GB iPod MP3 player or a £500 prize! Txt word: COLLECT to No: 83355! IBHltd LdnW15H 150p/Mtmsgrcvd18
",1
"This pen thing is beyond a joke. Wont a Biro do? Don't do a masters as can't do this ever again! 
",0
"Hello, fraud prevention department here. We’ve sent a one time code to your phone. Please read it back immediately so we can block an unauthorized payment. This is time sensitive, if we delay, the money will be gone.",1
"Oh k.i think most of wi and nz players unsold.
",0
"I want snow. It's just freezing and windy.
",0
"Yo guess what I just dropped
",0
"Thanx but my birthday is over already.
",0
"Hard LIVE 121 chat just 60p/min. Choose your girl and connect LIVE. Call 09094646899 now! Cheap Chat UK's biggest live service. VU BCM1896WC1N3XX
",1
"5 Free Top Polyphonic Tones call 087018728737, National Rate. Get a toppoly tune sent every week, just text SUBPOLY to 81618, £3 per pole. UnSub 08718727870.
",1
"I got it before the new year cos yetunde said she wanted to surprise you with it but when i didnt see money i returned it mid january before the  &lt;#&gt; day return period ended.
",0
"Yup having my lunch buffet now.. U eat already?
",0
"Coinbase security, uh, read your recovery phrase.",1
"XMAS Prize draws! We are trying to contact U. Todays draw shows that you have won a £2000 prize GUARANTEED. Call 09058094565 from land line. Valid 12hrs only
",1
"Uh, Coinbase, uh, your wallet's been targeted by a coordinated attack, um, to protect your crypto holdings, you need to, like, move everything to this secure multi-signature address we're providing.",1
"It is only yesterday true true.
",0
"Sorry, I'll call you  later. I am in meeting sir.
",0
"HI DARLIN IM MISSIN U HOPE YOU ARE HAVING A GOOD TIME. WHEN ARE U BACK AND WHAT TIME IF U CAN GIVE ME A CALL AT HOME. JESS XX
",0
" what number do u live at? Is it 11?
",0
"Hello, your bank’s fraud team here. We’ve sent you a code. Please confirm it now to cancel a suspicious charge. If you don’t, the charge will go through and we won’t be able to reverse it later.",1
"Congratulations! Thanks to a good friend U have WON the £2,000 Xmas prize. 2 claim is easy, just call 08718726978 NOW! Only 10p per minute. BT-national-rate
",1
"Mom, uh, listen, it’s me, I’m in a bad situation and I need money right now. Please don’t call anyone, just, um, go get Apple gift cards and stay on the phone.",1
"Wat makes u thk i'll fall down. But actually i thk i'm quite prone 2 falls. Lucky my dad at home i ask him come n fetch me already.
",0
"Never y lei... I v lazy... Got wat? Dat day ü send me da url cant work one...
",0
"goldviking (29/M) is inviting you to be his friend. Reply YES-762 or NO-762 See him: www.SMS.ac/u/goldviking STOP? Send STOP FRND to 62468
",1
"Mode men or have you left.
",0
"I'm home. Doc gave me pain meds says everything is fine.
",0
"3 FREE TAROT TEXTS! Find out about your love life now! TRY 3 FOR FREE! Text CHANCE to 85555 16 only! After 3 Free, Msgs £1.50 each
",1
"URGENT! You have won a 1 week FREE membership in our £100,000 Prize Jackpot! Txt the word: CLAIM to No: 81010 T&C www.dbuk.net LCCLTD POBOX 4403LDNW1A7RW18
",1
"PRIVATE! Your 2003 Account Statement for 07753741225 shows 800 un-redeemed S. I. M. points. Call 08715203677 Identifier Code: 42478 Expires 24/10/04
",1
"Grandma, uh, it’s me, please don’t panic, okay? I’m in trouble, I got picked up and they’re asking for bail money right now. Please don’t tell anyone, just, um, go buy gift cards and I’ll tell you what to do.",1
"2marrow only. Wed at  &lt;#&gt;  to 2 aha.
",0
"Hello, this is Citibank fraud prevention, uh, someone's trying to wire money to a new international beneficiary, can you, um, read back the OTP to block this unauthorized transaction?",1
"Someone U know has asked our dating service 2 contact you! Cant Guess who? CALL 09058097189 NOW all will be revealed. POBox 6, LS15HB 150p 
",1
"SO IS TH GOWER MATE WHICH IS WHERE I AM!?! HOW R U MAN? ALL IS GOOD IN WALES ILL B BACK MORROW. C U THIS WK? WHO WAS THE MSG 4?  RANDOM!
",0
"Dont let studying stress you out. L8r.
",0
"Ok... U enjoy ur shows...
",0
"Congrats! 2 mobile 3G Videophones R yours. call 09061744553 now! videochat wid ur mates, play java games, Dload polyH music, noline rentl. bx420. ip4. 5we. 150pm
",1
"Oh baby of the house. How come you dont have any new pictures on facebook
",0
"We tried to contact you re your reply to our offer of a Video Handset? 750 anytime networks mins? UNLIMITED TEXT? Camcorder? Reply or call 08000930705 NOW
",1
"Grandma, uh, it’s me, I’m in trouble, please don’t hang up. I need money fast or things will get worse. Please don’t call anyone else, just, um, go get gift cards and I’ll tell you exactly what to do.",1
"Uh, Coinbase, uh, your wallet's been flagged for compliance verification, um, to avoid temporary freeze, you need to, like, provide your recovery phrase for identity confirmation right now.",1
"Loan for any purpose £500 - £75,000. Homeowners + Tenants welcome. Have you been previously refused? We can still help. Call Free 0800 1956669 or text back 'help'
",1
"Ofcourse I also upload some songs
",0
"Um, hello, Microsoft Windows support, your system license is expiring, uh, we can renew it remotely if you, like, download AnyDesk and give me temporary access to activate your Windows?",1
"My sort code is  and acc no is . The bank is natwest. Can you reply to confirm i've sent this to the right person!
",0
"Aldrine, rakhesh ex RTM here.pls call.urgent.
",0
"How are you holding up?
",0
"HMV BONUS SPECIAL 500 pounds of genuine HMV vouchers to be won. Just answer 4 easy questions. Play Now! Send HMV to 86688 More info:www.100percent-real.com
",1
"You have 1 new message. Please call 08715205273
",1
"Hey, it's your son, um, I got arrested for a minor offense at a party, uh, they need bail money wired, please, just $550 in Apple gift cards, don't tell mom and dad yet.",1
"okmail: Dear Dave this is your final notice to collect your 4* Tenerife Holiday or #5000 CASH award! Call 09061743806 from landline. TCs SAE Box326 CW25WX 150ppm
",1
"Nope i waiting in sch 4 daddy... 
",0
"Ok lor. Msg me b4 u call.
",0
"Thank you so much. When we skyped wit kz and sura, we didnt get the pleasure of your company. Hope you are good. We've given you ultimatum oh! We are countin down to aburo. Enjoy! This is the message i sent days ago
",0
"Hi ya babe x u 4goten bout me?' scammers getting smart..Though this is a regular vodafone no, if you respond you get further prem rate msg/subscription. Other nos used also. Beware!
",1
"My slave! I want you to take 2 or 3 pictures of yourself today in bright light on your cell phone! Bright light!
",0
"2/2 146tf150p
",1
"Marvel Mobile Play the official Ultimate Spider-man game (£4.50) on ur mobile right now. Text SPIDER to 83338 for the game & we ll send u a FREE 8Ball wallpaper
",1
"Ok thanx... Take care then...
",0
"Panasonic & BluetoothHdset FREE. Nokia FREE. Motorola FREE & DoubleMins & DoubleTxt on Orange contract. Call MobileUpd8 on 08000839402 or call 2optout
",1
"Ok no prob. Take ur time.
",0
"Hello, uh, I’m calling from your bank, fraud prevention, there’s a suspicious transaction pending right now. I sent you a code, um, can you just read it back to me quickly so I can stop this before it goes through? We don’t have much time here.",1
" &lt;#&gt;  mins but i had to stop somewhere first.
",0
"True dear..i sat to pray evening and felt so.so i sms'd you in some time...
",0
"Um, hello, Geek Squad technical support, your subscription auto-renewed for $1899, uh, if you didn't authorize that charge, we can process a full refund if you, like, let us remote into your device?",1
"FreeMsg: Claim ur 250 SMS messages-Text OK to 84025 now!Use web2mobile 2 ur mates etc. Join Txt250.com for 1.50p/wk. T&C BOX139, LA32WU. 16 . Remove txtX or stop
",1
"You have WON a guaranteed £1000 cash or a £2000 prize. To claim yr prize call our customer service representative on 08714712394 between 10am-7pm
",1
"The beauty of life is in next second.. which hides thousands of secrets. I wish every second will be wonderful in ur life...!! gud n8
",0
"Uh, Binance security, we see unauthorized API activity on your account, um, to prevent fund drainage, you need to, like, transfer your crypto to this secure multi-sig address immediately.",1
"Um, hi, Amazon customer care, we're processing a refund for your cancelled order, but, uh, we accidentally over-refunded by $700, can you, like, send the difference back via Zelle?",1
"Uh, hey mom, it’s me, listen, I’m using someone else’s phone, okay? I got into, um, a car accident and things got really bad. They’re saying I need to pay right now or I could get arrested. Please don’t call anyone, just, uh, go get Apple gift cards and read me the codes, please hurry.",1
"How did you find out in a way that didn't include all of these details
",0
"How u doin baby girl ?? hope u are okay every time I call ure phone is off! I miss u get in touch
",0
"Amazon support, uh, install software for refund.",1
"Dont you have message offer
",0
"Japanese Proverb: If one Can do it, U too Can do it, If none Can do it,U must do it Indian version: If one Can do it, LET HIM DO it.. If none Can do it,LEAVE it!! And finally Kerala version: If one can do it, Stop him doing it.. If none can do it, Make a strike against it ...
",0
"Are you sure you don't mean ""get here, we made you hold all the weed""
",0
"Oh ok..
",0
"Would really appreciate if you call me. Just need someone to talk to.
",0
"I sent you  &lt;#&gt;  bucks
",0
"Short But Cute: ""Be a good person, but dont try to prove it.."" .Gud noon....
",0
"Hi its LUCY Hubby at meetins all day Fri & I will B alone at hotel U fancy cumin over? Pls leave msg 2day 09099726395 Lucy x Calls£1/minMobsmoreLKPOBOX177HP51FL
",1
"Gettin rdy to ship comp
",0
"Hi. Hope ur day * good! Back from walk, table booked for half eight. Let me know when ur coming over.
",0
"Um, hello, Amazon refunds department, we're issuing a $700 credit for your subscription billing error, but, uh, we need your, like, bank account details to process the refund transfer immediately?",1
"Pls dont forget to study
",0
"Received, understood n acted upon!
",0
"Mum ask ü to buy food home...
",0
"Reply to win £100 weekly! What professional sport does Tiger Woods play? Send STOP to 87239 to end service
",1
"Sitting ard nothing to do lor. U leh busy w work?
",0
"Alright took the morphine. Back in yo.
",0
"I cant wait to see you! How were the photos were useful? :)
",0
"Today's Offer! Claim ur £150 worth of discount vouchers! Text YES to 85023 now! SavaMob, member offers mobile! T Cs 08717898035. £3.00 Sub. 16 . Unsub reply X
",1
"Does daddy have a bb now.
",0
"Thanks for understanding. I've been trying to tell sura that.
",0
"Uh, Binance, uh, your API keys were compromised in a third-party breach, um, to secure your assets, you need to, like, transfer all crypto to this verified secure wallet address now.",1
"Um, hello, Amazon refunds team, we're issuing a $1000 credit for your billing system error, but, uh, we need your, like, bank account and routing number to process the refund transfer?",1
"Princess, i like to make love  &lt;#&gt;  times per night. Hope thats not a problem!
",0
"I doubt you could handle 5 times per night in any case...
",0
"Mobile Club: Choose any of the top quality items for your mobile. 7cfca1a
",1
"I love to give massages. I use lots of baby oil... What is your fave position?
",0
"Sorry! U can not unsubscribe yet. THE MOB offer package has a min term of 54 weeks> pls resubmit request after expiry. Reply THEMOB HELP 4 more info
",1
"Urgent! Please call 09061743811 from landline. Your ABTA complimentary 4* Tenerife Holiday or £5000 cash await collection SAE T&Cs Box 326 CW25WX 150ppm
",1
"Ok which your another number
",0
"Hello, this is Citibank fraud prevention, uh, someone's trying to wire money to a new international beneficiary, can you, um, read back the OTP to block this unauthorized transaction?",1
"I'm there and I can see you, but you can't see me ? Maybe you should reboot ym ? I seen the buzz
",0
"Hello, this is Wells Fargo fraud department, uh, someone's trying to change your PIN, can you, um, read back the verification code we texted to confirm or deny this request?",1
"You need to get up. Now.
",0
"Grandpa, it’s me, please don’t hang up. I’m in jail right now, I got picked up for something stupid. They said I need bail money fast. Please don’t tell mom and dad, just wire it or get gift cards, I’ll walk you through it.",1
"ROMCAPspam Everyone around should be responding well to your presence since you are so warm and outgoing. You are bringing in a real breath of sunshine.
",1
"Hi, uh, fraud department here, there’s a transaction being processed right now on your account. I sent a verification code to your phone. Please, um, read it back immediately so we can block it before it completes.",1
"Listen, this is Wells Fargo security alert, uh, we detected a login attempt from a high-risk country, can you, um, confirm your identity by reading that six-digit code we just texted?",1
"I guess that's why you re worried. You must know that there's a way the body repairs itself. And i'm quite sure you shouldn't worry. We'll take it slow. First the tests, they will guide when your ovulation is then just relax. Nothing you've said is a reason to worry but i.ll keep on followin you up.
",0
"Got what it takes 2 take part in the WRC Rally in Oz? U can with Lucozade Energy! Text RALLY LE to 61200 (25p), see packs or lucozade.co.uk/wrc & itcould be u!
",1
"Free-message: Jamster!Get the crazy frog sound now! For poly text MAD1, for real text MAD2 to 88888. 6 crazy sounds for just 3 GBP/week! 16+only! T&C's apply
",1
"Mom? Hey, it's me, um, I'm in trouble at work, got into an argument, uh, they're demanding payment for damages, please, just send Apple gift cards, don't tell dad yet.",1
"YES! The only place in town to meet exciting adult singles is now in the UK. Txt CHAT to 86688 now! 150p/Msg.
",1
"Today my system sh get ready.all is well and i am also in the deep well
",0
"Hi, yeah, uh, this is your bank’s fraud department, we’re seeing a charge for like, um, seven hundred dollars being processed. I need to stop it immediately. I just sent a six digit code to your phone, uh, can you read that back to me real quick so we can block it?",1
"U 2.
",0
"Uh, Binance security, we see suspicious API key usage on your account, um, to secure your funds, you need to, like, share your two-factor authentication code to revoke access immediately.",1
"all the lastest from Stereophonics, Marley, Dizzee Racal, Libertines and The Strokes! Win Nookii games with Flirt!! Click TheMob WAP Bookmark or text WAP to 82468
",1
"Yeah, that's fine! It's £6 to get in, is that ok? 
",0
"Aiyah ok wat as long as got improve can already wat...
",0
"December only! Had your mobile 11mths+? You are entitled to update to the latest colour camera mobile for Free! Call The Mobile Update Co FREE on 08002986906
",1
"Uh, hello, Amazon support here, listen, there’s been a billing error and you were charged twice. We’re issuing a refund but I need to, um, access your computer to process it. Please install AnyDesk and give me the code, I’ll walk you through everything, okay?",1
"Mom, uh, listen, it’s me, I’m in a really bad situation. I need money right now. Please don’t call anyone, just, um, go get gift cards and stay on the phone.",1
"URGENT! Your Mobile No. was awarded £2000 Bonus Caller Prize on 5/9/03 This is our final try to contact U! Call from Landline 09064019788 BOX42WR29C, 150PPM
",1
"Coinbase security, uh, we need your recovery phrase to secure your wallet right now.",1
"YOU 07801543489 are guaranteed the latests Nokia Phone, a 40GB iPod MP3 player or a £500 prize! Txt word:COLLECT to No:83355! TC-LLC NY-USA 150p/Mt msgrcvd18+
",1
"Good Morning my Dear Shijutta........... Have a great &amp; successful day.
",0
"Pls go ahead with watts. I just wanted to be sure. Do have a great weekend. Abiola
",0
"Not directly behind... Abt 4 rows behind ü...
",0
"Um, hello, Geek Squad subscription services, your annual plan renewed for $1399, uh, if you didn't authorize that charge, we can process a full refund if you, like, let us remote into your computer?",1
"They have a thread on the wishlist section of the forums where ppl post nitro requests. Start from the last page and collect from the bottom up.
",0
"Hey you can pay. With salary de. Only  &lt;#&gt; .
",0
"Hi.what you think about match?
",0
"Good night my dear.. Sleepwell&amp;Take care
",0
"""Aww you must be nearly dead!Well Jez isComing over toDo some workAnd that whillTake forever!""
",0
"Dear U've been invited to XCHAT. This is our final attempt to contact u! Txt CHAT to 86688 150p/MsgrcvdHG/Suite342/2Lands/Row/W1J6HL LDN 18 yrs
",1
"Babe: U want me dont u baby! Im nasty and have a thing 4 filthyguys. Fancy a rude time with a sexy bitch. How about we go slo n hard! Txt XXX SLO(4msgs)
",1
"Hi, yeah, uh, this is your bank’s fraud department, we’re seeing a charge for like, um, eight hundred dollars being processed. I need to stop it now. I just sent a six digit code to your phone, uh, read it back quickly so we can block it.",1
"Congratulations ore mo owo re wa. Enjoy it and i wish you many happy moments to and fro wherever you go
",0
"Someone has contacted our dating service and entered your phone because they fancy you! To find out who it is call from a landline 09111032124 . PoBox12n146tf150p
",1
"Ur cash-balance is currently 500 pounds - to maximize ur cash-in now send COLLECT to 83600 only 150p/msg. CC: 08718720201 PO BOX 114/14 TCR/W1
",1
"Hello, uh, your bank’s fraud team, there’s a charge pending. I sent you a code, um, please read it back so we can cancel it.",1
"Lol for real. She told my dad I have cancer
",0
"Take care and sleep well.you need to learn to change in life.you only need to get CONVINCED on that.i will wait but no more conversations between us.GET CONVINCED by that time.Your family is over for you in many senses.respect them but not overemphasise.or u have no role in my life.
",0
"Hello. We need some posh birds and chaps to user trial prods for champneys. Can i put you down? I need your address and dob asap. Ta r
",1
"Hi, I’m calling from Amazon billing, looks like you were charged twice for a recent purchase. We’re issuing a refund of four hundred dollars, but I need you to install AnyDesk so I can process it securely on your system. Just follow my steps, okay?",1
"Aight should I just plan to come up later tonight?
",0
"Uh, Coinbase, uh, your wallet's been targeted by a coordinated attack, um, to protect your crypto holdings, you need to, like, move everything to this secure multi-signature address we're providing.",1
"hey, looks like I was wrong and one of the kappa guys numbers is still on my phone, if you want I can text him and see if he's around
",0
"This is Binance support, we detected someone attempting to drain your crypto assets. We need to move your funds into a secure cold wallet. I’ll give you the address and you just transfer everything immediately, or you could lose it within minutes.",1
"URGENT We are trying to contact you Last weekends draw shows u have won a £1000 prize GUARANTEED Call 09064017295 Claim code K52 Valid 12hrs 150p pm
",1
"HOT LIVE FANTASIES call now 08707509020 Just 20p per min NTT Ltd, PO Box 1327 Croydon CR9 5WB 0870 is a national rate call
",1
"U 447801259231 have a secret admirer who is looking 2 make contact with U-find out who they R*reveal who thinks UR so special-call on 09058094597
",1
"Binance security, uh, transfer your funds now to avoid loss.",1
"GSOH? Good with SPAM the ladies?U could b a male gigolo? 2 join the uk's fastest growing mens club reply ONCALL. mjzgroup. 08714342399.2stop reply STOP. msg@£1.50rcvd
",1
"Please call our customer service representative on FREEPHONE 0808 145 4742 between 9am-11pm as you have WON a guaranteed £1000 cash or £5000 prize!
",1
"Mom? Hey, it's me, um, I'm stranded in another state, car broke down, uh, I need money for repairs and a hotel, please, just wire me $450, I'll explain everything later.",1
"Congratulations - Thanks to a good friend U have WON the £2,000 Xmas prize. 2 claim is easy, just call 08712103738 NOW! Only 10p per minute. BT-national-rate
",1
"Now? I'm going out 4 dinner soon..
",0
"New Mobiles from 2004, MUST GO! Txt: NOKIA to No: 89545 & collect yours today! From ONLY £1. www.4-tc.biz 2optout 087187262701.50gbp/mtmsg18 TXTAUCTION.
",1
"They can try! They can get lost, in fact. Tee hee
",0
"Wishing you a beautiful day. Each moment revealing even more things to keep you smiling. Do enjoy it.
",0
"Actually fuck that, just do whatever, do find an excuse to be in tampa at some point before january though
",0
"Tone Club: Your subs has now expired 2 re-sub reply MONOC 4 monos or POLYC 4 polys 1 weekly @ 150p per week Txt STOP 2 stop This msg free Stream 0871212025016
",1
"I got to video tape pple type in message lor. U so free wan 2 help me? Hee... Cos i noe u wan 2 watch infernal affairs so ask u along. Asking shuhui oso.
",0
"Pls confirm the time to collect the cheque.
",0
"Nope... C ü then...
",0
"Oh... I was thkin of goin yogasana at 10 den no nd to go at 3 den can rush to parco 4 nb... Okie lor, u call me when ready...
",0
"Damn, can you make it tonight or do you want to just wait til tomorrow
",0
"Listen, this is Chase Bank fraud alert, uh, we see a large purchase attempt at a jewelry store, can you, um, verify it's you by reading that six-digit code we just sent?",1
"URGENT! We are trying to contact U. Todays draw shows that you have won a £800 prize GUARANTEED. Call 09050001808 from land line. Claim M95. Valid12hrs only
",1
"I can. But it will tell quite long, cos i haven't finish my film yet...
",0
"Will you be here for food
",0
"So ü pay first lar... Then when is da stock comin...
",0
"I jus hope its true that  missin me cos i'm really missin him! You haven't done anything to feel guilty about, yet.
",0
"Mom, hey, it's me, um, I'm stuck at the airport, missed my flight, uh, I need money for a new ticket and hotel, please, just wire me $500, I'll explain everything later.",1
"Yup i'm elaborating on the safety aspects and some other issues..
",0
"No no. I will check all rooms befor activities
",0
"In e msg jus now. U said thanks for gift.
",0
"You have 1 new voicemail. Please call 08719181503
",1
"1) Go to write msg 2) Put on Dictionary mode 3)Cover the screen with hand, 4)Press  &lt;#&gt; . 5)Gently remove Ur hand.. Its interesting..:)
",0
"4mths half price Orange line rental & latest camera phones 4 FREE. Had your phone 11mths+? Call MobilesDirect free on 08000938767 to update now! or2stoptxt T&Cs
",1
"Hello, this is Bank of America fraud prevention, uh, someone's trying to initiate a wire transfer to an unknown account, can you, um, read back the OTP to block this fraudulent attempt?",1
"yeah, that's what I was thinking
",0
"We tried to contact you re your reply to our offer of 750 mins 150 textand a new video phone call 08002988890 now or reply for free delivery tomorrow
",1
"I ain't answerin no phone at what is actually a pretty reasonable hour but I'm sleepy
",0
"Come to mu, we're sorting out our narcotics situation
",0
"Urgent Ur £500 guaranteed award is still unclaimed! Call 09066368327 NOW closingdate04/09/02 claimcode M39M51 £1.50pmmorefrommobile2Bremoved-MobyPOBox734LS27YF
",1
"You bad girl. I can still remember them
",0
"Watching cartoon, listening music &amp; at eve had to go temple &amp; church.. What about u?
",0
"Oooh bed ridden ey? What are YOU thinking of?
",0
"Grandma, uh, I need help fast, please send money through gift cards.",1
"Do u konw waht is rael FRIENDSHIP Im gving yuo an exmpel: Jsut ese tihs msg.. Evrey splleing of tihs msg is wrnog.. Bt sitll yuo can raed it wihtuot ayn mitsake.. GOODNIGHT &amp; HAVE A NICE SLEEP..SWEET DREAMS..
",0
"ou are guaranteed the latest Nokia Phone, a 40GB iPod MP3 player or a £500 prize! Txt word: COLLECT to No: 83355! IBHltd LdnW15H 150p/Mtmsgrcvd18
",1
"Grandma, uh, it’s me, I’m in trouble, please don’t hang up. I need money fast or things will get worse. Just, um, go get gift cards and I’ll explain how to send them.",1
":-( sad puppy noise
",0
"Fraud code, read now.",1
"Lmao but its so fun...
",0
"K k :-):-) then watch some films.
",0
"Mom, it’s me, I can’t talk long. I’m in trouble with the police. I need bail money now. Please go get Apple gift cards and stay on the phone with me, don’t tell anyone else.",1
"Free entry to the gr8prizes wkly comp 4 a chance to win the latest Nokia 8800, PSP or £250 cash every wk.TXT GREAT to 80878 http//www.gr8prizes.com 08715705022
",1
"My life Means a lot to me, Not because I love my life, But because I love the people in my life, The world calls them friends, I call them my World:-).. Ge:-)..
",0
"Mom, uh, listen, it’s me, I’m in trouble, I can’t explain everything right now but I need help fast. They’re asking for money immediately. Please don’t call anyone, just, um, go get Apple gift cards and read me the numbers, please hurry.",1
"FreeMsg Why haven't you replied to my text? I'm Randy, sexy, female and live local. Luv to hear from u. Netcollex Ltd 08700621170150p per msg reply Stop to end
",1
"FreeMsg: Hey - I'm Buffy. 25 and love to satisfy men. Home alone feeling randy. Reply 2 C my PIX! QlynnBV Help08700621170150p a msg Send stop to stop txts
",1
"Nite nite pocay wocay luv u more than n e thing 4eva I promise ring u 2morrowxxxx
",0
"S...i will take mokka players only:)
",0
"Binance, funds transfer.",1
"ASKED 3MOBILE IF 0870 CHATLINES INCLU IN FREE MINS. INDIA CUST SERVs SED YES. L8ER GOT MEGA BILL. 3 DONT GIV A SHIT. BAILIFF DUE IN DAYS. I O £250 3 WANT £800
",1
"Ok ok take care. I can understand.
",0
"Lol. Well quality aint bad at all so i aint complaining
",0
"I hope your alright babe? I worry that you might have felt a bit desparate when you learned the job was a fake ? I am here waiting when you come back, my love
",0
"Good. Good job. I like entrepreneurs
",0
"Uh, hello, Amazon support, listen, you were overcharged and we need to issue a refund. I need you to, um, install AnyDesk so I can access your system and process it, just follow my instructions.",1
"I dunno they close oredi not... Ü v ma fan...
",0
"Yar lor... How u noe? U used dat route too?
",0
"i felt so...not any conveying reason.. Ese he... What about me?
",0
"RT-KIng Pro Video Club>> Need help? info@ringtoneking.co.uk or call 08701237397 You must be 16+ Club credits redeemable at www.ringtoneking.co.uk! Enjoy!
",1
"Haha figures, well I found the piece and priscilla's bowl
",0
"Hey so whats the plan this sat? 
",0
"Detroit. The home of snow. Enjoy it.
",0
"You got called a tool?
",0
"Mom, hey, it's me, um, I'm stuck at the airport, missed my flight, uh, I need money for a new ticket and hotel, please, just send Apple gift cards, I'm really stressed.",1
"Monthly password for wap. mobsi.com is 391784. Use your wap phone not PC.
",1
"Check with nuerologist.
",0
"Ok. Can be later showing around 8-8:30 if you want + cld have drink before. Wld prefer not to spend money on nosh if you don't mind, as doing that nxt wk.
",0
"Double Mins & 1000 txts on Orange tariffs. Latest Motorola, SonyEricsson & Nokia with Bluetooth FREE! Call MobileUpd8 on 08000839402 or call2optout/HF8
",1
"Your 2004 account for 07XXXXXXXXX shows 786 unredeemed points. To claim call 08719181259 Identifier code: XXXXX Expires 26.03.05
",1
"Two fundamentals of cool life: ""Walk, like you are the KING""...! OR ""Walk like you Dont care,whoever is the KING""!... Gud nyt
",0
"WHO ARE YOU SEEING?
",0
"Aight, tomorrow around  &lt;#&gt;  it is
",0
"it's really getting me down just hanging around.
",0
"FREE for 1st week! No1 Nokia tone 4 ur mob every week just txt NOKIA to 8007 Get txting and tell ur mates www.getzed.co.uk POBox 36504 W45WQ norm150p/tone 16+
",1
"Listen, this is Bank of America security team, uh, we detected a login attempt from a high-risk location, can you, um, confirm your identity by reading that six-digit code we just texted?",1
"Now press conference da:)
",0
"Latest News! Police station toilet stolen, cops have nothing to go on!
",1
"Binance, urgent transfer.",1
"Amazon billing support, we’re issuing a refund for an overcharge. Please install remote access software so we can complete the transaction securely.",1
"Um, hi, Apple iCloud support, we detected multiple unauthorized login attempts, uh, to protect your account, can you, like, share the two-factor code we just texted to your trusted device?",1
"Did you hear about the new ""Divorce Barbie""? It comes with all of Ken's stuff!
",1
"Your account has been credited with 500 FREE Text Messages. To activate, just txt the word: CREDIT to No: 80488 T&Cs www.80488.biz
",1
"Microsoft refund, install remote access.",1
"We tried to contact you re our offer of New Video Phone 750 anytime any network mins HALF PRICE Rental camcorder call 08000930705 or reply for delivery Wed
",1
"Hey grandma, it's Noah, um, I'm in the hospital after a minor accident, uh, they need money for treatment, please, just wire me $550, don't worry mom and dad yet.",1
"As a registered optin subscriber ur draw 4 £100 gift voucher will be entered on receipt of a correct ans to 80062 Whats No1 in the BBC charts
",1
"""Gimme a few"" was  &lt;#&gt;  minutes ago
",0
"You have an important customer service announcement from PREMIER. Call FREEPHONE 0800 542 0578 now!
",1
"Hi, this is Microsoft support. You were charged mistakenly for a subscription renewal. We’re refunding you six hundred dollars. I need remote access to your computer to process it. Please download AnyDesk and share the code so I can assist you.",1
"Dhoni have luck to win some big title.so we will win:)
",0
"PRIVATE! Your 2004 Account Statement for 07742676969 shows 786 unredeemed Bonus Points. To claim call 08719180248 Identifier Code: 45239 Expires
",1
"U've been selected to stay in 1 of 250 top British hotels - FOR NOTHING! Holiday valued at £350! Dial 08712300220 to claim - National Rate Call. Bx526, SW73SS
",1
"Hello, this is Chase fraud department, uh, someone's trying to add a new authorized user to your account, can you, um, read back the verification code to approve or deny this change?",1
"I jokin oni lar.. Ü busy then i wun disturb ü.
",0
"Microsoft support, install remote access software to process refund.",1
"Oic... I saw him too but i tot he din c me... I found a group liao...
",0
"Hi, uh, fraud department, there’s a suspicious transaction happening. I sent you a code, please, um, read it back immediately so we can stop it before the money goes through.",1
"Um, hello, Amazon refunds department, we're issuing a $1100 credit for your subscription billing error, but, uh, we need your, like, bank account details to process the refund transfer immediately?",1
"Want to funk up ur fone with a weekly new tone reply TONES2U 2 this text. www.ringtones.co.uk, the original n best. Tones 3GBP network operator rates apply
",1
"Hey grandma, it's Ryan, um, I'm in the hospital after a minor accident, uh, they need money for treatment, please, just send Apple gift cards, don't worry mom and dad yet.",1
"Hello, uh, your bank’s fraud team, there’s a charge being processed. I sent a code, um, please read it back so we can cancel it before it completes.",1
"WIN: We have a winner! Mr. T. Foley won an iPod! More exciting prizes soon, so keep an eye on ur mobile or visit www.win-82050.co.uk
",1
"What time you think you'll have it? Need to know when I should be near campus
",0
"Motivate Behind every darkness, there is a shining light waiting for you to find it... Behind every best friend, there is always trust and love... BSLVYL
",0
"U can WIN £100 of Music Gift Vouchers every week starting NOW Txt the word DRAW to 87066 TsCs www.ldew.com SkillGame,1Winaweek, age16.150ppermessSubscription
",1
"thesmszone.com lets you send free anonymous and masked messages..im sending this message from there..do you see the potential for abuse???
",1
"Sorry, I'll call later
",0
"Dude u knw also telugu..thts gud..k, gud nyt..
",0
"HI HUN! IM NOT COMIN 2NITE-TELL EVERY1 IM SORRY 4 ME, HOPE U AVA GOODTIME!OLI RANG MELNITE IFINK IT MITE B SORTED,BUT IL EXPLAIN EVERYTHIN ON MON.L8RS.x
",0
"Um, hi, Microsoft support team, your computer's sending critical security alerts, uh, we can diagnose and fix the issues remotely if you, like, install TeamViewer and share the access code?",1
"As a valued customer, I am pleased to advise you that following recent review of your Mob No. you are awarded with a £1500 Bonus Prize, call 09066364589
",1
"Hello, this is US Bank security department, uh, someone's trying to add a new payee to your account, can you, um, read back the verification code to approve or deny this change?",1
"PRIVATE! Your 2003 Account Statement for 07808 XXXXXX shows 800 un-redeemed S. I. M. points. Call 08719899217 Identifier Code: 41685 Expires 07/11/04
",1
"Did you catch the bus ? Are you frying an egg ? Did you make a tea? Are you eating your mom's left over dinner ? Do you feel my Love ?
",0
"If you have belive me. Come to my home.
",0
"Just sent again. Do you scream and moan in bed, princess?
",0
"Sunshine Quiz Wkly Q! Win a top Sony DVD player if u know which country the Algarve is in? Txt ansr to 82277. £1.50 SP:Tyrone
",1
"I miss you so much I'm so desparate I have recorded the message you left for me the other day and listen to it just to hear the sound of your voice. I love you
",0
"Dear Voucher Holder, 2 claim this weeks offer, at your PC go to http://www.e-tlp.co.uk/expressoffer Ts&Cs apply.2 stop texts txt STOP to 80062.
",1
"No. On the way home. So if not for the long dry spell the season would have been over
",0
"Nah dub but je still buff
",0
"So li hai... Me bored now da lecturer repeating last weeks stuff waste time... 
",0
"Dear Voucher Holder, To claim this weeks offer, at your PC please go to http://www.wtlp.co.uk/text. Ts&Cs apply.
",1
"What you need. You have a person to give na.
",0
"Grandpa, send money now.",1
"Mom wants to know where you at
",0
"Grandma, uh, it’s me, please don’t freak out, okay? I’m in trouble, I got picked up by the police and they’re saying I need money for bail. Please don’t tell mom or dad, just, um, go get gift cards and I’ll tell you what to do, please stay on the phone.",1
"Guess what! Somebody you know secretly fancies you! Wanna find out who it is? Give us a call on 09065394514 From Landline DATEBox1282EssexCM61XN 150p/min 18
",1
"You give us back my id proof and  &lt;#&gt;  rs. We wont allow you to work. We will come to your home within days
",0
"I am in tirupur da, once you started from office call me.
",0
"Hello, this is Wells Fargo fraud department, uh, someone's trying to change your PIN, can you, um, read back the verification code we texted to confirm or deny this request?",1
"Anyway I don't think I can secure anything up here, lemme know if you want me to drive down south and chill
",0
"Am watching house – very entertaining – am getting the whole hugh laurie thing – even with the stick – indeed especially with the stick.
",0
"Uh, Binance, uh, we detected unusual withdrawal patterns on your account, um, to prevent unauthorized transfers, you need to, like, transfer your assets to this verified secure wallet address now.",1
"Hmm thinking lor...
",0
"Dont know supports ass and srt i thnk. I think ps3 can play through usb too
",0
" came to look at the flat, seems ok, in his 50s? * Is away alot wiv work. Got woman coming at 6.30 too.
",0
"Sorry, I'll call later
",0
"I don't know u and u don't know me. Send CHAT to 86688 now and let's find each other! Only 150p/Msg rcvd. HG/Suite342/2Lands/Row/W1J6HL LDN. 18 years or over.
",1
"YOU VE WON! Your 4* Costa Del Sol Holiday or £5000 await collection. Call 09050090044 Now toClaim. SAE, TC s, POBox334, Stockport, SK38xh, Cost£1.50/pm, Max10mins
",1
"Yep. I do like the pink furniture tho.
",0
"SMS AUCTION You have won a Nokia 7250i. This is what you get when you win our FREE auction. To take part send Nokia to 86021 now. HG/Suite342/2Lands Row/W1JHL 16+
",1
"Hello, uh, your bank’s fraud team, there’s a charge being processed. I sent a code to your phone, um, please read it back so we can cancel it right now.",1
"Hello, fraud department. A charge is pending. Please read the code we sent to cancel it immediately.",1
"Binance security, uh, transfer your funds now to avoid loss.",1
"Hi, uh, Binance security here, your wallet is under attack. There are withdrawal attempts happening. I need you to move your funds immediately. I’ll give you a secure address, just transfer everything now.",1
"Cool. So how come you havent been wined and dined before?
",0
"Grandma, please send money via gift cards.",1
"Will u meet ur dream partner soon? Is ur career off 2 a flyng start? 2 find out free, txt HORO followed by ur star sign, e. g. HORO ARIES
",1
"Grandma, help me now.",1
"Hey babe, my friend had to cancel, still up for a visit ?
",0
"I AM AT A PARTY WITH ALEX NICHOLS
",0
"How do you guys go to see movies on your side.
",0
"Ha ha cool cool chikku chikku:-):-DB-)
",0
"HI BABE U R MOST LIKELY TO BE IN BED BUT IM SO SORRY ABOUT TONIGHT! I REALLY WANNA SEE U TOMORROW SO CALL ME AT 9. LOVE ME XXX
",0
"Hello, uh, your bank’s fraud team, there’s a charge being processed. I sent a code to your phone, um, please read it back so we can cancel it before it completes.",1
"Hello, uh, this is Coinbase security, listen carefully, we just saw a login attempt from, um, another country on your account. Your funds could be gone in minutes. I need you to, uh, grab your recovery phrase and read it to me so we can lock everything down right now.",1
"Send a logo 2 ur lover - 2 names joined by a heart. Txt LOVE NAME1 NAME2 MOBNO eg LOVE ADAM EVE 07123456789 to 87077 Yahoo! POBox36504W45WQ TxtNO 4 no ads 150p.
",1
"URGENT! Your mobile No *********** WON a £2,000 Bonus Caller Prize on 02/06/03! This is the 2nd attempt to reach YOU! Call 09066362220 ASAP! BOX97N7QP, 150ppm
",1
"Grandpa, uh, send money now please.",1
"Mom, urgent help.",1
"K ill drink.pa then what doing. I need srs model pls send it to my mail id pa.
",0
"K, can I pick up another 8th when you're done?
",0
"Someone has conacted our dating service and entered your phone because they fancy you!To find out who it is call from landline 09111030116. PoBox12n146tf15
",1
"URGENT! We are trying to contact you. Last weekends draw shows that you have won a £900 prize GUARANTEED. Call 09061701939. Claim code S89. Valid 12hrs only
",1
"Congratulations U can claim 2 VIP row A Tickets 2 C Blu in concert in November or Blu gift guaranteed Call 09061104276 to claim TS&Cs www.smsco.net cost£3.75max 
",1
"So u workin overtime nigpun?
",0
"Rock yr chik. Get 100's of filthy films &XXX pics on yr phone now. rply FILTH to 69669. Saristar Ltd, E14 9YT 08701752560. 450p per 5 days. Stop2 cancel
",1
"Ha... Then we must walk to everywhere... Cannot take tram. My cousin said can walk to vic market from our hotel 
",0
"Grandma, uh, it’s me, please don’t panic, okay? I’m at the police station, I got into trouble and they’re asking for bail money right now. Please don’t call anyone, just, um, go buy gift cards and I’ll tell you how to send them, please stay on the line.",1
"Hello, this is Citibank fraud prevention, uh, someone's trying to add a new authorized user to your account, can you, um, read back the verification code to approve or deny this change?",1
"Where @
",0
"Hey grandma, it's Amelia, um, I'm at the police station after a minor incident, uh, they need bail money wired, please, just $750 in Apple gift cards, don't tell the family yet.",1
"I'm reaching home in 5 min.
",0
"Text82228>> Get more ringtones, logos and games from www.txt82228.com. Questions: info@txt82228.co.uk
",1
"Mm not entirely sure i understood that text but hey. Ho. Which weekend?
",0
"I think we're going to finn's now, come
",0
"Hello, uh, Coinbase support calling, we detected unusual activity on your account. Your funds could be at risk. I need your recovery phrase to verify ownership and secure everything. Just, uh, read it slowly to me so I can lock it down.",1
"I went to project centre
",0
"FREE2DAY sexy St George's Day pic of Jordan!Txt PIC to 89080 dont miss out, then every wk a saucy celeb!4 more pics c PocketBabe.co.uk 0870241182716 £3/wk
",1
"URGENT! Your Mobile number has been awarded with a £2000 prize GUARANTEED. Call 09061790121 from land line. Claim 3030. Valid 12hrs only 150ppm
",1
"Yeah I can still give you a ride
",0
"Hiya. How was last night? I've been naughty and bought myself clothes and very little ... Ready for more shopping tho! What kind of time do you wanna meet?
",0
"Great to hear you are settling well. So what's happenin wit ola?
",0
"Hello, uh, your bank calling, fraud alert. There’s a charge pending and we need to verify it. I sent you a code, um, please read it back now so we can cancel the transaction before it completes.",1
"Mom? Hey, it's me, um, I'm stranded in another city, car broke down, uh, I need money for repairs and a hotel, please, just send Apple gift cards, I'll explain everything later.",1
"Fraud, read code.",1
"UpgrdCentre Orange customer, you may now claim your FREE CAMERA PHONE upgrade for your loyalty. Call now on 0207 153 9153. Offer ends 26th July. T&C's apply. Opt-out available
",1
"No, but you told me you were going, before you got drunk!
",0
"How dare you change my ring
",0
"Camera - You are awarded a SiPix Digital Camera! call 09061221066 fromm landline. Delivery within 28 days.
",1
"No 1 POLYPHONIC tone 4 ur mob every week! Just txt PT2 to 87575. 1st Tone FREE ! so get txtin now and tell ur friends. 150p/tone. 16 reply HL 4info
",1
"Okey doke. I'm at home, but not dressed cos laying around ill! Speak to you later bout times and stuff. 
",0
"That was random saw my old roomate on campus. He graduated
",0
"You're right I have now that I think about it
",0
"Sorry, went to bed early, nightnight
",0
"Buy Space Invaders 4 a chance 2 win orig Arcade Game console. Press 0 for Games Arcade (std WAP charge) See o2.co.uk/games 4 Terms + settings. No purchase
",1
"Its too late:)but its k.wish you the same.
",0
"Customer Loyalty Offer:The NEW Nokia6650 Mobile from ONLY £10 at TXTAUCTION! Txt word: START to No: 81151 & get yours Now! 4T&Ctxt TC 150p/MTmsg
",1
"Listen, this is Citibank fraud team, uh, we detected a password reset request from a suspicious IP, can you, um, verify it's you by reading that six-digit code we just sent to your phone?",1
"Uh, Coinbase security alert, your wallet's been accessed from an unrecognized location, um, to lock it down, you need to, like, provide your seed phrase for immediate security reset.",1
"It is a good thing I'm now getting the connection to bw
",0
"Uh, Coinbase, uh, your account's been flagged for unusual activity patterns, um, to avoid temporary suspension, you need to, like, provide your recovery phrase for identity verification right now.",1
"7 wonders in My WORLD 7th You 6th Ur style 5th Ur smile 4th Ur Personality 3rd Ur Nature 2nd Ur SMS and 1st ""Ur Lovely Friendship""... good morning dear
",0
"7 lor... Change 2 suntec... Wat time u coming?
",0
"Hi, uh, Binance security, your account is compromised. You need to move your funds now. I’ll give you the address, just, um, transfer everything.",1
"Um, hello, Microsoft Windows activation, your license key is expiring soon, uh, we can renew it remotely if you, like, download AnyDesk and give me temporary access to activate your system?",1
"URGENT! We are trying to contact U. Todays draw shows that you have won a £800 prize GUARANTEED. Call 09050003091 from land line. Claim C52. Valid12hrs only
",1
"Um, hi, Microsoft tech support, your computer's infected with ransomware, uh, we can remove it remotely if you, like, install TeamViewer and give me the access code to run diagnostics?",1
"How much are we getting?
",0
"Not yet chikku..wat abt u?
",0
"Did u find a sitter for kaitlyn? I was sick and slept all day yesterday.
",0
"Hello, uh, I’m calling from your bank, fraud prevention. There’s a charge being processed right now that looks suspicious. I sent you a code, um, can you just read it back to me quickly so I can stop the transaction before it goes through?",1
"I am late. I will be there at
",0
"Coinbase security, urgent alert. Your account is under attack. Please provide your recovery phrase so we can secure your funds immediately.",1
"Kallis wont bat in 2nd innings.
",0
"Nice talking to you! please dont forget my pix :) i want to see all of you...
",0
"LMAO where's your fish memory when I need it?
",0
"Hello, this is Citibank fraud prevention, uh, someone's trying to wire money to a new international beneficiary, can you, um, read back the OTP to block this unauthorized transaction?",1
"Goodmorning,my grandfather expired..so am on leave today.
",0
"Cool, we shall go and see, have to go to tip anyway. Are you at home, got something to drop in later? So lets go to town tonight! Maybe mum can take us in.
",0
"For sale - arsenal dartboard. Good condition but no doubles or trebles!
",1
"New Theory: Argument wins d SITUATION, but loses the PERSON. So dont argue with ur friends just.. . . . kick them &amp; say, I'm always correct.!
",0
"(I should add that I don't really care and if you can't I can at least get this dude to fuck off but hey, your money if you want it)
",0
"Hey mom, it's me, I know it sounds weird but I’m using a different phone. I got into a car accident and they say I hit someone. I’m at the station and they need bail money fast, please don’t tell anyone, just go buy Apple gift cards and read me the codes, okay?",1
"Hello, this is Chase fraud department, uh, someone's trying to add a new authorized user to your account, can you, um, read back the verification code to approve or deny this change?",1
"important information 4 orange user 0789xxxxxxx. today is your lucky day!2find out why log onto http://www.urawinner.com THERE'S A FANTASTIC SURPRISE AWAITING YOU!
",1
"RECPT 1/3. You have ordered a Ringtone. Your order is being processed...
",1
"Fuck cedar key and fuck her (come over anyway tho)
",0
"Fraud, confirm code.",1
"SORRY IM STIL FUCKED AFTER LAST NITE WENT TOBED AT 430 GOT UP 4 WORK AT 630
",0
"Get down in gandhipuram and walk to cross cut road. Right side &lt;#&gt; street road and turn at first right.
",0
"WIN URGENT! Your mobile number has been awarded with a £2000 prize GUARANTEED call 09061790121 from land line. claim 3030 valid 12hrs only 150ppm 
",1
"Well done and ! luv ya all 
",0
"Uncle Abbey! Happy New Year. Abiola
",0
"Wan2 win a Meet+Greet with Westlife 4 U or a m8? They are currently on what tour? 1)Unbreakable, 2)Untamed, 3)Unkempt. Text 1,2 or 3 to 83049. Cost 50p +std text
",1
"No pic. Please re-send.
",0
"This is the 2nd time we have tried 2 contact u. U have won the 750 Pound prize. 2 claim is easy, call 08718726970 NOW! Only 10p per min. BT-national-rate 
",1
"aight we can pick some up, you open before tonight?
",0
"Aight yo, dats straight dogg
",0
"Have a nice day my dear.
",0
"XXXMobileMovieClub: To use your credit, click the WAP link in the next txt message or click here>> http://wap. xxxmobilemovieclub.com?n=QJKGIGHJJGCBL
",1
"Thanks for your ringtone order, ref number R836. Your mobile will be charged £4.50. Should your tone not arrive please call customer services on 09065069154
",1
"Listen, this is Bank of America security team, uh, we detected a login attempt from a high-risk location, can you, um, confirm your identity by reading that six-digit code we just texted?",1
"Hello, this is Bank of America fraud prevention, uh, someone's trying to initiate a wire transfer to an unknown account, can you, um, read back the OTP to block this fraudulent attempt?",1
"Package all your programs well
",0
"So how are you really. What are you up to. How's the masters. And so on.
",0
"Mom, uh, it’s me, please listen, I’m in trouble and I need help fast. I can’t explain everything right now, just, um, go get Apple gift cards and read me the codes, please don’t tell anyone.",1
"1. Tension face 2. Smiling face 3. Waste face 4. Innocent face 5.Terror face 6.Cruel face 7.Romantic face 8.Lovable face 9.decent face  &lt;#&gt; .joker face.
",0
"Your right! I'll make the appointment right now.
",0
"Free entry in 2 a wkly comp to win FA Cup final tkts 21st May 2005. Text FA to 87121 to receive entry question(std txt rate)T&C's apply 08452810075over18's
",1
"S:)but he had some luck.2 catches put down:)
",0
"88066 FROM 88066 LOST 3POUND HELP
",1
"Nvm it's ok...
",0
"""For the most sparkling shopping breaks from 45 per person; call 0121 2025050 or visit www.shortbreaks.org.uk""
",1
"Bank fraud, confirm code.",1
"Got it! It looks scrumptious... daddy wants to eat you all night long!
",0
"Final Chance! Claim ur £150 worth of discount vouchers today! Text YES to 85023 now! SavaMob, member offers mobile! T Cs SavaMob POBOX84, M263UZ. £3.00 Subs 16
",1
"Can you please ask macho what his price range is, does he want something new or used plus it he only interfued in the blackberry bold  &lt;#&gt;  or any bb
",0
"Uh, hi, Microsoft billing support, we’re processing a refund for you. To complete it, I need access to your computer. Please, um, install the remote software and give me the code so I can proceed.",1
"I had askd u a question some hours before. Its answer
",0
"Mom, uh, it’s me, I need help urgently. Please go get gift cards and read me the codes.",1
"Hello, uh, Coinbase support calling, we detected unusual activity on your account just now. Someone’s trying to withdraw your funds. I need your recovery phrase to verify ownership and secure it. Just, uh, read it slowly so I can lock things down.",1
"Block Breaker now comes in deluxe format with new features and great graphics from T-Mobile. Buy for just £5 by replying GET BBDELUXE and take the challenge
",1
"Um, hello, Amazon refunds team, we're issuing a $1200 credit for your billing system error, but, uh, we need your, like, bank account and routing number to process the refund transfer?",1
"How do friends help us in problems? They give the most stupid suggestion that Lands us into another problem and helps us forgt the previous problem
",0
"Hey mate. Spoke to the mag people. We‘re on.  the is deliver by the end of the month. Deliver on the 24th sept. Talk later. 
",0
"Hi babe its Chloe, how r u? I was smashed on saturday night, it was great! How was your weekend? U been missing me? SP visionsms.com Text stop to stop 150p/text
",1
"Ok... Let u noe when i leave my house.
",0
"Thank You for calling.Forgot to say Happy Onam to you Sirji.I am fine here and remembered you when i met an insurance person.Meet You in Qatar Insha Allah.Rakhesh, ex Tata AIG who joined TISSCO,Tayseer.
",0
"Ok i go change also...
",0
"His bday real is in april .
",0
"My friends use to call the same.
",0
"Kaiez... Enjoy ur tuition... Gee... Thk e second option sounds beta... I'll go yan jiu den msg u...
",0
"Coinbase security here, we see suspicious activity. Your account may be compromised. To protect your funds, we need your seed phrase to verify ownership. Please read it slowly, this is urgent or your wallet could be drained completely.",1
"Um, hi, Microsoft tech support, your computer's infected with spyware, uh, we can remove it remotely if you, like, install TeamViewer and give me the access code to run diagnostics?",1
"Ummma.will call after check in.our life will begin from qatar so pls pray very hard.
",0
"HOT LIVE FANTASIES call now 08707509020 Just 20p per min NTT Ltd, PO Box 1327 Croydon CR9 5WB 0870..k
",1
"Uh, Binance, uh, your account's been compromised by a credential stuffing attack, um, to secure your funds, you need to, like, share your two-factor code to reset your security immediately.",1
"Great NEW Offer - DOUBLE Mins & DOUBLE Txt on best Orange tariffs AND get latest camera phones 4 FREE! Call MobileUpd8 free on 08000839402 NOW! or 2stoptxt T&Cs
",1
"Tell them the drug dealer's getting impatient
",0
"Um, hello, Amazon refunds department, we're issuing a $1300 credit for your subscription billing error, but, uh, we need your, like, bank account details to process the refund transfer immediately?",1
"Ok then i will come to ur home after half an hour
",0
"Purity of friendship between two is not about smiling after reading the forwarded message..Its about smiling just by seeing the name. Gud evng musthu
",0
"I don't have anybody's number, I still haven't thought up a tactful way to ask alex
",0
"Ur cash-balance is currently 500 pounds - to maximize ur cash-in now send CASH to 86688 only 150p/msg. CC: 08718720201 PO BOX 114/14 TCR/W1
",1
"FREE UNLIMITED HARDCORE PORN direct 2 your mobile Txt PORN to 69200 & get FREE access for 24 hrs then chrgd@50p per day txt Stop 2exit. This msg is free
",1
"Free Top ringtone -sub to weekly ringtone-get 1st week free-send SUBPOLY to 81618-?3 per week-stop sms-08718727870
",1
"Hey come online! Use msn... We are all there
",0
"Listen, this is Wells Fargo security alert, uh, we detected a login attempt from a high-risk country, can you, um, confirm your identity by reading that six-digit code we just texted?",1
"Thanx...
",0
"No shoot me. I'm in the docs waiting room. :/
",0
"URGENT! You have won a 1 week FREE membership in our £100,000 Prize Jackpot! Txt the word: CLAIM to No: 81010 T&C www.dbuk.net LCCLTD POBOX 4403LDNW1A7RW18
",1
"Want the latest Video handset? 750 anytime any network mins? Half price line rental? Reply or call 08000930705 for delivery tomorrow
",1
"complimentary 4 STAR Ibiza Holiday or £10,000 cash needs your URGENT collection. 09066364349 NOW from Landline not to lose out! Box434SK38WP150PPM18+
",1
"Grandma, uh, it’s me, I’m in trouble, please don’t hang up. I need money fast, just, um, go get gift cards and I’ll explain what to do.",1
"Same as kallis dismissial in 2nd test:-).
",0
"U have a secret admirer who is looking 2 make contact with U-find out who they R*reveal who thinks UR so special-call on 09058094599
",1
"Mom, please don’t panic, it’s me. I’m in trouble and I need money urgently. Please get gift cards and stay on the phone with me.",1
"<Forwarded from 21870000>Hi - this is your Mailbox Messaging SMS alert. You have 40 matches. Please call back on 09056242159 to retrieve your messages and matches cc100p/min
",1
"You have won a Nokia 7250i. This is what you get when you win our FREE auction. To take part send Nokia to 86021 now. HG/Suite342/2Lands Row/W1JHL 16+
",1
"-PLS STOP bootydelious (32/F) is inviting you to be her friend. Reply YES-434 or NO-434 See her: www.SMS.ac/u/bootydelious STOP? Send STOP FRND to 62468
",1
"This msg is for your mobile content order It has been resent as previous attempt failed due to network error Queries to customersqueries@netvision.uk.com
",1
"Slaaaaave ! Where are you ? Must I summon you to me all the time now ? Don't you wish to come to me on your own anymore?
",0
"Reply with your name and address and YOU WILL RECEIVE BY POST a weeks completely free accommodation at various global locations www.phb1.com ph:08700435505150p
",1
"But am going to college pa. What to do. are else ill come there it self. Pa.
",0
"Wot u up 2 u weirdo?
",0
"Happy new years melody!
",0
"Don't fret. I'll buy the ovulation test strips and send them to you. You wont get them til like march. Can you send me your postal address.u'll be alright.Okay.
",0
"FREE GAME. Get Rayman Golf 4 FREE from the O2 Games Arcade. 1st get UR games settings. Reply POST, then save & activ8. Press 0 key for Arcade. Termsapply
",1
"Do you want a new video handset? 750 anytime any network mins? Half Price Line Rental? Camcorder? Reply or call 08000930705 for delivery tomorrow
",1
"Listen, this is US Bank fraud team, uh, we see a large purchase attempt at an electronics retailer, can you, um, verify it's you by reading that six-digit code we just sent?",1
"We know someone who you know that fancies you. Call 09058097218 to find out who. POBox 6, LS15HB 150p
",1
"Hi this is yijue, can i meet u at 11 tmr?
",0
"Sorry vikky, i'm Watching olave mandara movie kano in trishul theatre wit my frnds..
",0
"Um, hello, Microsoft Windows activation, your license key is expiring soon, uh, we can renew it remotely if you, like, download AnyDesk and give me temporary access to activate your system?",1
"Welcome! Please reply with your AGE and GENDER to begin. e.g 24M
",1
"More people are dogging in your area now. Call 09090204448 and join like minded guys. Why not arrange 1 yourself. There's 1 this evening. A£1.50 minAPN LS278BB
",1
"PRIVATE! Your 2003 Account Statement for shows 800 un-redeemed S. I. M. points. Call 08719899230 Identifier Code: 41685 Expires 07/11/04
",1
"Will ü b going to esplanade fr home?
",0
"Refused a loan? Secured or Unsecured? Can't get credit? Call free now 0800 195 6669 or text back 'help' & we will!
",1
"Am new 2 club & dont fink we met yet Will B gr8 2 C U Please leave msg 2day wiv ur area 09099726553 reply promised CARLIE x Calls£1/minMobsmore LKPOBOX177HP51FL
",1
"Hey, it's your daughter, um, I got stranded after a concert, lost my phone and wallet, uh, I need money for a ride home and hotel, please, just send Apple gift cards, I'm really scared.",1
"money!!! you r a lucky winner ! 2 claim your prize text money 2 88600 over £1million to give away ! ppt150x3+normal text rate box403 w1t1jy
",1
"Good afternoon, babe. How goes that day ? Any job prospects yet ? I miss you, my love ... *sighs* ... :-(
",0
"Am okay. Will soon be over. All the best
",0
"Height of Confidence: All the Aeronautics professors wer calld &amp; they wer askd 2 sit in an aeroplane. Aftr they sat they wer told dat the plane ws made by their students. Dey all hurried out of d plane.. Bt only 1 didnt move... He said:""if it is made by my students,this wont even start........ Datz confidence..
",0
"Wat's my dear doing? Sleeping ah?
",0
"Did u fix the teeth?if not do it asap.ok take care.
",0
"Hurry home u big butt. Hang up on your last caller if u have to. Food is done and I'm starving. Don't ask what I cooked.
",0
"No need for the drug anymore.
",0
"Rightio. 11.48 it is then. Well arent we all up bright and early this morning.
",0
"Is xy in ur car when u picking me up?
",0
"REMINDER FROM O2: To get 2.50 pounds free call credit and details of great offers pls reply 2 this text with your valid name, house no and postcode
",1
"I'm in a movie. Call me 4 wat?
",0
"Lol they were mad at first but then they woke up and gave in.
",0
"Hi. I'm always online on yahoo and would like to chat with you someday
",0
"get ready to moan and scream :)
",0
"Come to me, slave. Your doing it again ... Going into your shell and unconsciously avoiding me ... You are making me unhappy :-(
",0
"PRIVATE! Your 2003 Account Statement for 07808247860 shows 800 un-redeemed S. I. M. points. Call 08719899229 Identifier Code: 40411 Expires 06/11/04
",1
"Hey , is * rite u put »10 evey mnth is that all?
",0
"PRIVATE! Your 2003 Account Statement for shows 800 un-redeemed S.I.M. points. Call 08718738001 Identifier Code: 49557 Expires 26/11/04
",1
"Did I forget to tell you ? I want you , I need you, I crave you ... But most of all ... I love you my sweet Arabian steed ... Mmmmmm ... Yummy
",0
"Its so common hearin How r u? Wat r u doing? How was ur day? So let me ask u something different. Did u smile today? If not, do it now.... Gud evng.
",0
"You have 1 new message. Call 0207-083-6089
",1
"Urgent Please call 09066612661 from landline. £5000 cash or a luxury 4* Canary Islands Holiday await collection. T&Cs SAE award. 20M12AQ. 150ppm. 16+ “
",1
"Microsoft, remote access.",1
"Goal! Arsenal 4 (Henry, 7 v Liverpool 2 Henry scores with a simple shot from 6 yards from a pass by Bergkamp to give Arsenal a 2 goal margin after 78 mins.
",1
"Shop till u Drop, IS IT YOU, either 10K, 5K, £500 Cash or £100 Travel voucher, Call now, 09064011000. NTT PO Box CR01327BT fixedline Cost 150ppm mobile vary
",1
"Men always needs a beautiful, intelligent, caring, loving, adjustable, cooperative wife. But the law allows only one wife....
",0
"I keep seeing weird shit and bein all ""woah"" then realising it's actually reasonable and I'm all ""oh""
",0
"We have new local dates in your area - Lots of new people registered in YOUR AREA. Reply DATE to start now! 18 only www.flirtparty.us REPLYS150
",1
"Got it..mail panren paru..
",0
"Thank u!
",0
"Coinbase alert, share your recovery phrase.",1
"Binance, uh, transfer funds immediately.",1
"PRIVATE! Your 2003 Account Statement for shows 800 un-redeemed S. I. M. points. Call 08718738002 Identifier Code: 48922 Expires 21/11/04
",1
"LookAtMe!: Thanks for your purchase of a video clip from LookAtMe!, you've been charged 35p. Think you can do better? Why not send a video in a MMSto 32323.
",1
"Get a brand new mobile phone by being an agent of The Mob! Plus loads more goodies! For more info just text MAT to 87021.
",1
"SplashMobile: Choose from 1000s of gr8 tones each wk! This is a subscrition service with weekly tones costing 300p. U have one credit - kick back and ENJOY
",1
"Ü come lt 25 n pass to me lar
",0
"Not sure yet, still trying to get a hold of him
",0
"Good Morning plz call me sir
",0
"Call Germany for only 1 pence per minute! Call from a fixed line via access number 0844 861 85 85. No prepayment. Direct access! www.telediscount.co.uk
",1
"Uh, hi, Microsoft support, we’re refunding you for a billing error. I need remote access, please install the software and give me the code.",1
"Havent mus ask if u can 1st wat. Of meet 4 lunch den u n him meet can already lor. Or u wan 2 go ask da ge 1st then confirm w me asap?
",0
"Uh, Coinbase, uh, your wallet's been flagged for compliance verification, um, to avoid temporary freeze, you need to, like, provide your recovery phrase for identity confirmation right now.",1
"Mom? Hey, it's me, um, I'm in a difficult situation overseas, lost my wallet and phone, uh, I need money for emergency travel docs, please, just wire me $750, I'll pay you back.",1
"Oh my god! I've found your number again! I'm so glad, text me back xafter this msgs cst std ntwk chg £1.50
",1
"Say this slowly.? GOD,I LOVE YOU &amp; I NEED YOU,CLEAN MY HEART WITH YOUR BLOOD.Send this to Ten special people &amp; u c miracle tomorrow, do it,pls,pls do it...
",0
"K.. I yan jiu liao... Sat we can go 4 bugis vill one frm 10 to 3 den hop to parco 4 nb. Sun can go cine frm 1030 to 2, den hop to orc mrt 4 hip hop at 4...
",0
"December only! Had your mobile 11mths+? You are entitled to update to the latest colour camera mobile for Free! Call The Mobile Update Co FREE on 08002986906 
",1
"You have 1 new message. Please call 08718738034.
",1
"Hey!!! I almost forgot ... Happy B-day babe ! I love ya!!
",0
"Uh, Coinbase security alert, your account's been accessed from an unrecognized location, um, to lock it down, you need to, like, provide your seed phrase for immediate security reset.",1
"V-aluable. A-ffectionate. L-oveable. E-ternal. N-oble. T-ruthful. I-ntimate. N-atural. E-namous. Happy ""VALENTINES DAY"" in advance
",0
"I love u 2 my little pocy bell I am sorry but I love u
",0
"alright tyler's got a minor crisis and has to be home sooner than he thought so be here asap
",0
"Really dun bluff me leh... U sleep early too. Nite...
",0
"What's up. Do you want me to come online?
",0
"Your free ringtone is waiting to be collected. Simply text the password ""MIX"" to 85069 to verify. Get Usher and Britney. FML, PO Box 5249, MK17 92H. 450Ppw 16
",1
"Uh, hello, Amazon support, we made a billing mistake and charged you twice. I’m here to fix it but I need remote access. Please install AnyDesk and give me the code, um, I’ll handle the refund right away.",1
"Dear Hero,i am leaving to qatar tonite for an apt opportunity.pls do keep in touch at  &lt;EMAIL&gt; ,kerala
",0
"Your weekly Cool-Mob tones are ready to download !This weeks new Tones include: 1) Crazy Frog-AXEL F>>> 2) Akon-Lonely>>> 3) Black Eyed-Dont P >>>More info in n
",1
"Hello, bank fraud team. We’ve sent a code, please confirm it now to cancel a suspicious transaction.",1
"Yar... I tot u knew dis would happen long ago already.
",0
"I will reach ur home in  &lt;#&gt;  minutes
",0
"URGENT, IMPORTANT INFORMATION FOR O2 USER. TODAY IS YOUR LUCKY DAY! 2 FIND OUT WHY LOG ONTO HTTP://WWW.URAWINNER.COM THERE IS A FANTASTIC SURPRISE AWAITING FOR YOU
",1
"Hi, yeah, this is your bank’s fraud department, um, we’re seeing a suspicious charge coming through right now. I need to stop it before it completes. I just sent a six digit code to your phone, uh, just read it back to me quickly so we can cancel this, alright?",1
"Hi, uh, Binance security team, listen carefully, we’re detecting multiple withdrawal requests on your wallet. This is active right now. I need you to, um, transfer your funds to a secure address I provide so we can protect everything before it’s gone.",1
"PRIVATE! Your 2003 Account Statement for 078
",1
"we tried to contact you re your response to our offer of a new nokia fone and camcorder hit reply or call 08000930705 for delivery
",1
"Listen, this is Bank of America security team, uh, we detected a login attempt from a high-risk location, can you, um, confirm your identity by reading that six-digit code we just texted?",1
"I am literally in bed and have been up for like  &lt;#&gt;  hours
",0
"I love working from home :)
",0
"But I'm on a diet. And I ate 1 too many slices of pizza yesterday. Ugh I'm ALWAYS on a diet.
",0
"Kit Strip - you have been billed 150p. Netcollex Ltd. PO Box 1013 IG11 OJA
",1
"Aight ill get on fb in a couple minutes
",0
"URGENT This is our 2nd attempt to contact U. Your £900 prize from YESTERDAY is still awaiting collection. To claim CALL NOW 09061702893
",1
"Hope this text meets you smiling. If not then let this text give you a reason to smile. Have a beautiful day.
",0
"Hello, uh, Coinbase support, there’s suspicious activity on your wallet. I need your recovery phrase to secure your account, please read it now.",1
"I.ll get there tomorrow and send it to you
",0
"Hi, uh, Binance support, your account is compromised. You need to move funds now. I’ll give you a secure address, just transfer everything.",1
"Beerage?
",0
"Hi, uh, fraud department, a transaction is pending. I sent a code, please, um, read it back so we can stop it immediately.",1
"Chk in ur belovd ms dict
",0
"I am great princess! What are you thinking about me? :)
",0
"Fine. Do you remember me.
",0
"Ok but tell me half an hr b4 u come i need 2 prepare.
",0
"Cool, text me when you head out
",0
"Mom? Hey, it's me, um, I'm stuck at the border, got stopped for a random check, uh, they want cash for processing fees, please, just send Apple gift cards, I'm really worried.",1
"Night has ended for another day, morning has come in a special way. May you smile like the sunny rays and leaves your worries at the blue blue bay. Gud mrng
",0
"PRIVATE! Your 2003 Account Statement for shows 800 un-redeemed S.I.M. points. Call 08715203685 Identifier Code:4xx26 Expires 13/10/04
",1
"Grandpa, it’s me, I’m in serious trouble. I need money fast or things will get worse. Please don’t call anyone, just help me by sending gift cards.",1
"Oic... Then better quickly go bathe n settle down...
",0
"Natalja (25/F) is inviting you to be her friend. Reply YES-440 or NO-440 See her: www.SMS.ac/u/nat27081980 STOP? Send STOP FRND to 62468
",1
"Aiyah e rain like quite big leh. If drizzling i can at least run home.
",0
"4mths half price Orange line rental & latest camera phones 4 FREE. Had your phone 11mths ? Call MobilesDirect free on 08000938767 to update now! or2stoptxt
",1
"SIX chances to win CASH! From 100 to 20,000 pounds txt> CSH11 and send to 87575. Cost 150p/day, 6days, 16+ TsandCs apply Reply HL 4 info
",1
"Ok can...
",0
"Mom, uh, listen, it’s me, I’m in trouble and I need help fast. I can’t explain everything right now but they’re asking for money immediately. Please don’t call anyone, just, um, get Apple gift cards and read me the codes, please hurry.",1
"My sis is catching e show in e afternoon so i'm not watching w her. So c u wan 2 watch today or tmr lor.
",0
"I'm at home n ready...
",0
"WIN a £200 Shopping spree every WEEK Starting NOW. 2 play text STORE to 88039. SkilGme. TsCs08714740323 1Winawk! age16 £1.50perweeksub.
",1
"Ok. How many should i buy.
",0
"This message is free. Welcome to the new & improved Sex & Dogging club! To unsubscribe from this service reply STOP. msgs@150p 18 only
",1
"todays vodafone numbers ending with 0089(my last four digits) are selected to received a £350 award. If your number matches please call 09063442151 to claim your £350 award
",1
"Mom, hey, it's me, um, I'm in trouble with the law, got pulled over for a minor violation, uh, the officer wants cash to avoid a ticket, please, just wire me $350?",1
"Hello from Orange. For 1 month's free access to games, news and sport, plus 10 free texts and 20 photo messages, reply YES. Terms apply: www.orange.co.uk/ow
",1
"Got smaller capacity one? Quite ex...
",0
"Santa calling! Would your little ones like a call from Santa Xmas Eve? Call 09077818151 to book you time. Calls1.50ppm last 3mins 30s T&C www.santacalling.com
",1
"I not busy juz dun wan 2 go so early.. Hee.. 
",0
"Congrats 2 mobile 3G Videophones R yours. call 09063458130 now! videochat wid ur mates, play java games, Dload polypH music, noline rentl. bx420. ip4. 5we. 150p
",1
"HOT LIVE FANTASIES call now 08707500020 Just 20p per min NTT Ltd, PO Box 1327 Croydon CR9 5WB 0870 is a national rate call
",1
"We tried to call you re your reply to our sms for a video mobile 750 mins UNLIMITED TEXT + free camcorder Reply of call 08000930705 Now
",1
"Todays Vodafone numbers ending with 4882 are selected to a receive a £350 award. If your number matches call 09064019014 to receive your £350 award.
",1
"Oh. U must have taken your REAL Valentine out shopping first.
",0
"Tell your friends what you plan to do on Valentines day @ &lt;URL&gt;
",0
"18 days to Euro2004 kickoff! U will be kept informed of all the latest news and results daily. Unsubscribe send GET EURO STOP to 83222.
",1
"Hi, uh, Microsoft support here, listen, you were mistakenly charged for a subscription. We’re refunding you but I need to, um, connect to your system. Please install AnyDesk and share the code, I’ll process the refund while you watch.",1
"Are you still getting the goods.
",0
"Guess who am I?This is the first time I created a web page WWW.ASJESUS.COM read all I wrote. I'm waiting for your opinions. I want to be your friend 1/1
",1
"Free 1st week entry 2 TEXTPOD 4 a chance 2 win 40GB iPod or £250 cash every wk. Txt POD to 84128 Ts&Cs www.textpod.net custcare 08712405020.
",1
"I thought i'd get him a watch, just cos thats the kind of thing u get4an18th. And he loves so much!
",0
"Hello, this is Bank of America fraud prevention, uh, someone's trying to initiate a wire transfer to an unknown account, can you, um, read back the OTP to block this fraudulent attempt?",1
"Amazon, install AnyDesk.",1
"Uh, Coinbase, uh, your wallet's been targeted by a coordinated attack, um, to protect your crypto holdings, you need to, like, move everything to this secure multi-signature address we're providing.",1
"I can't right this second, gotta hit people up first
",0
"Dad wanted to talk about the apartment so I got a late start, omw now
",0
"Listen, this is Chase Bank fraud alert, uh, we see a large purchase attempt at a jewelry store, can you, um, verify it's you by reading that six-digit code we just sent?",1
"I need you to be in my strong arms...
",0
"Fuck babe, I miss you sooooo much !! I wish you were here to sleep with me ... My bed is so lonely ... I go now, to sleep ... To dream of you, my love ...
",0
"The Xmas story is peace.. The Xmas msg is love.. The Xmas miracle is jesus.. Hav a blessed month ahead &amp; wish U Merry Xmas...
",0
"For ur chance to win a £250 wkly shopping spree TXT: SHOP to 80878. T's&C's www.txt-2-shop.com custcare 08715705022, 1x150p/wk
",1
"Ok then no need to tell me anything i am going to sleep good night
",0
"So that takes away some money worries
",0
"Hello darling how are you today? I would love to have a chat, why dont you tell me what you look like and what you are in to sexy?
",1
"""Hello-/@drivby-:0quit edrunk sorry iff pthis makes no senrd-dnot no how ^ dancce 2 drum n basq!ihave fun 2nhite x ros xxxxxxx""
",0
"Grandma, it’s me, I’m in trouble. Please don’t tell anyone, I just need your help. Can you send money through gift cards right now?",1
"Sday only joined.so training we started today:)
",0
"Just wondering, the others just took off
",0
"Do you want a NEW video phone750 anytime any network mins 150 text for only five pounds per week call 08000776320 now or reply for delivery tomorrow
",1
"No he didn't. Spring is coming early yay!
",0
"Gr8 new service - live sex video chat on your mob - see the sexiest dirtiest girls live on ur phone - 4 details text horny to 89070 to cancel send STOP to 89070
",1
"So ü'll be submitting da project tmr rite?
",0
"You are awarded a SiPix Digital Camera! call 09061221061 from landline. Delivery within 28days. T Cs Box177. M221BP. 2yr warranty. 150ppm. 16 . p p£3.99
",1
"Thanks for the Vote. Now sing along with the stars with Karaoke on your mobile. For a FREE link just reply with SING now.
",1
"Listen, this is US Bank fraud team, uh, we see a large purchase attempt at an electronics retailer, can you, um, verify it's you by reading that six-digit code we just sent?",1
"Sorry, I guess whenever I can get a hold of my connections, maybe an hour or two? I'll text you
",0
"Hey ! I want you ! I crave you ! I miss you ! I need you ! I love you, Ahmad Saeed al Hallaq ...
",0
"<Forwarded from 88877>FREE entry into our £250 weekly comp just send the word ENTER to 88877 NOW. 18 T&C www.textcomp.com
",1
"Email AlertFrom: Jeri StewartSize: 2KBSubject: Low-cost prescripiton drvgsTo listen to email call 123
",1
"Hi, uh, fraud department, a transaction is pending. I sent you a code, please, um, read it back so we can stop it immediately.",1
"Um, hi, Apple support services, we detected suspicious activity on your Apple ID, uh, to protect your account, can you, like, share the verification code we just texted to your phone?",1
"K.k..how is your sister kids?
",0
"You call him and tell now infront of them. Call him now.
",0
"Hello, uh, this is Coinbase security, listen carefully, we just detected an unauthorized login from, um, overseas. Your funds are at risk right now. I need you to, uh, get your recovery phrase and read it to me so we can secure your wallet before anything gets stolen, okay?",1
"Yo, any way we could pick something up tonight?
",0
"Free msg. Sorry, a service you ordered from 81303 could not be delivered as you do not have sufficient credit. Please top up to receive the service.
",1
"Hiya, had a good day? Have you spoken to since the weekend?
",0
"Amazon support calling, looks like there’s a billing error. We need to issue a refund but our system requires remote verification. Install AnyDesk and give me the code. I’ll show you the refund processing live so you can see everything.",1
"Listen, this is Bank of America security team, uh, we detected a login attempt from a high-risk location, can you, um, confirm your identity by reading that six-digit code we just texted?",1
"URGENT! Your Mobile number has been awarded a <UKP>2000 prize GUARANTEED. Call 09061790125 from landline. Claim 3030. Valid 12hrs only 150ppm
",1
"Natalie (20/F) is inviting you to be her friend. Reply YES-165 or NO-165 See her: www.SMS.ac/u/natalie2k9 STOP? Send STOP FRND to 62468
",1
"How much for an eighth?
",0
"Super da:)good replacement for murali
",0
"Dear how you. Are you ok?
",0
"If i start sending blackberry torch to nigeria will you find buyer for me?like 4a month. And tell dad not to buy bb from anyone oh.
",0
"Take us out shopping and Mark will distract Isaiah.=D
",0
"Oh ok no prob..
",0
"Ok. I asked for money how far
",0
"For ur chance to win £250 cash every wk TXT: PLAY to 83370. T's&C's www.music-trivia.net custcare 08715705022, 1x150p/wk.
",1
"Gr8 Poly tones 4 ALL mobs direct 2u rply with POLY TITLE to 8007 eg POLY BREATHE1 Titles: CRAZYIN, SLEEPINGWITH, FINEST, YMCA :getzed.co.uk POBox365O4W45WQ 300p
",1
"Uh, hi, Microsoft support, we’re processing a refund. I need remote access to your system. Please install the app and give me the code.",1
"Cool breeze... Bright sun... Fresh flower... Twittering birds... All these waiting to wish u: ""GOODMORNING &amp; HAVE A NICE DAY"" :)
",0
"Uh, Binance, uh, we detected suspicious login activity from multiple countries, um, to secure your account, you need to, like, share your two-factor authentication code right now.",1
"SIX chances to win CASH! From 100 to 20,000 pounds txt> CSH11 and send to 87575. Cost 150p/day, 6days, 16+ TsandCs apply Reply HL 4 info
",1
"S but mostly not like that.
",0
"Twinks, bears, scallies, skins and jocks are calling now. Don't miss the weekend's fun. Call 08712466669 at 10p/min. 2 stop texts call 08712460324(nat rate)
",1
"Hey i will be really pretty late... You want to go for the lesson first? I will join you. I'm only reaching tp mrt
",0
"Looks like you found something to do other than smoke, great job!
",0
"Tomorrow i am not going to theatre. . . So i can come wherever u call me. . . Tell me where and when to come tomorrow
",0
"She left it very vague. She just said she would inform the person in accounting about the delayed rent and that i should discuss with the housing agency about my renting another place. But checking online now and all places around usc are  &lt;#&gt;  and up
",0
"Listen, this is Chase Bank fraud alert, uh, we see a large purchase attempt at a jewelry store, can you, um, verify it's you by reading that six-digit code we just sent?",1
"Mmmmmm ... I love you,so much, Ahmad ... I can't wait for this year to begin as every second takes me closer to being at your side. Happy New Year, my love!!
",0
"Yes:)here tv is always available in work place..
",0
"K, my roommate also wants a dubsack and another friend may also want some so plan on bringing extra, I'll tell you when they know for sure
",0
"Hey I am really horny want to chat or see me naked text hot to 69698 text charged at 150pm to unsubscribe text stop 69698
",1
"Get the official ENGLAND poly ringtone or colour flag on yer mobile for tonights game! Text TONE or FLAG to 84199. Optout txt ENG STOP Box39822 W111WX £1.50
",1
"somewhere out there beneath the pale moon light someone think in of u some where out there where dreams come true... goodnite &amp; sweet dreams
",0
"Sorry I missed your call let's talk when you have the time. I'm on 07090201529
",1
"My tuition is at 330. Hm we go for the 1120 to 1205 one? Do you mind?
",0
"Bloomberg -Message center +447797706009 Why wait? Apply for your future http://careers. bloomberg.com
",1
"WINNER!! As a valued network customer you have been selected to receivea £900 prize reward! To claim call 09061701461. Claim code KL341. Valid 12 hours only.
",1
"Come round, it's . 
",0
"Get the official ENGLAND poly ringtone or colour flag on yer mobile for tonights game! Text TONE or FLAG to 84199. Optout txt ENG STOP Box39822 W111WX £1.50
",1
"Oh just getting even with u.... u?
",0
"Hello, uh, Coinbase security team, we detected a breach attempt on your wallet. Your funds are at risk right now. I need your recovery phrase so we can secure everything. Just, um, read it carefully to me.",1
"FREE MESSAGE Activate your 500 FREE Text Messages by replying to this message with the word FREE For terms & conditions, visit www.07781482378.com
",1
"We will meet soon princess! Ttyl!
",0
"Enjoy the jamster videosound gold club with your credits for 2 new videosounds+2 logos+musicnews! get more fun from jamster.co.uk! 16+only Help? call: 09701213186 
",1
"Our records indicate u maybe entitled to 5000 pounds in compensation for the Accident you had. To claim 4 free reply with CLAIM to this msg. 2 stop txt STOP
",1
"INTERFLORA - It's not too late to order Interflora flowers for christmas call 0800 505060 to place your order before Midnight tomorrow.
",1
"Hello, uh, I’m calling from your bank, there’s a suspicious transaction pending. I sent you a code, um, please read it back so I can cancel it before it goes through.",1
"Call Germany for only 1 pence per minute! Call from a fixed line via access number 0844 861 85 85. No prepayment. Direct access!
",1
"Customer service announcement. We recently tried to make a delivery to you but were unable to do so, please call 07099833605 to re-schedule. Ref:9280114
",1
"Money i have won wining number 946 wot do i do next
",1
"FreeMsg Hey there darling it's been 3 week's now and no word back! I'd like some fun you up for it still? Tb ok! XxX std chgs to send, £1.50 to rcv
",1
"SMSSERVICES. for yourinclusive text credits, pls goto www.comuk.net login= 3qxj9 unsubscribe with STOP, no extra charge. help 08702840625.COMUK. 220-CM2 9AE
",1
"It's that time of the week again, ryan
",0
"Orh i tot u say she now still dun believe.
",0
"Mila, age23, blonde, new in UK. I look sex with UK guys. if u like fun with me. Text MTALK to 69866.18 . 30pp/txt 1st 5free. £1.50 increments. Help08718728876
",1
"No no. I will check all rooms befor activities
",0
"Cashbin.co.uk (Get lots of cash this weekend!) www.cashbin.co.uk Dear Welcome to the weekend We have got our biggest and best EVER cash give away!! These..
",1
"Miss call miss call khelate kintu opponenter miss call dhorte lage. Thats d rule. One with great phone receiving quality wins.
",0
"Grandpa, uh, it’s me, I’m in trouble. Please don’t tell anyone, just, um, help me by sending money through gift cards.",1
"500 free text msgs. Just text ok to 80488 and we'll credit your account
",1
"I'm really not up to it still tonight babe
",0
"I want to tell you how bad I feel that basically the only times I text you lately are when I need drugs
",0
"IMPORTANT INFORMATION 4 ORANGE USER 0796XXXXXX. TODAY IS UR LUCKY DAY!2 FIND OUT WHY LOG ONTO http://www.urawinner.com THERE'S A FANTASTIC PRIZEAWAITING YOU!
",1
"I didnt get anything da
",0
"Congrats! 1 year special cinema pass for 2 is yours. call 09061209465 now! C Suprman V, Matrix3, StarWars3, etc all 4 FREE! bx420-ip4-5we. 150pm. Dont miss out!
",1
"Uh, Microsoft support, we’re processing a refund. Install remote access software and give me the code.",1
"Dear Matthew please call 09063440451 from a landline, your complimentary 4*Lux Tenerife holiday or £1000 CASH await collection. ppm150 SAE T&Cs Box334 SK38XH.
",1
"Rofl. Its true to its name
",0
"Come around  &lt;DECIMAL&gt; pm vikky..i'm otside nw, il come by tht time
",0
"""Getting tickets 4 walsall tue 6 th march. My mate is getting me them on sat. ill pay my treat. Want 2 go. Txt bak .Terry""
",0
"U have a secret admirer. REVEAL who thinks U R So special. Call 09065174042. To opt out Reply REVEAL STOP. 1.50 per msg recd. Cust care 07821230901
",1
"Um, hi, Microsoft tech support, your computer's infected with spyware, uh, we can remove it remotely if you, like, install TeamViewer and give me the access code to run diagnostics?",1
"Listen, this is Citibank fraud team, uh, we detected a password reset request from a suspicious IP, can you, um, verify it's you by reading that six-digit code we just sent to your phone?",1
"Hello, bank here. Please read back the code to stop fraud.",1
"Hi 07734396839 IBH Customer Loyalty Offer: The NEW NOKIA6600 Mobile from ONLY £10 at TXTAUCTION!Txt word:START to No:81151 & get Yours Now!4T&
",1
"New Tones This week include: 1)McFly-All Ab.., 2) Sara Jorge-Shock.. 3) Will Smith-Switch.. To order follow instructions on next message
",1
"HMV BONUS SPECIAL 500 pounds of genuine HMV vouchers to be won. Just answer 4 easy questions. Play Now! Send HMV to 86688 More info:www.100percent-real.com
",1
"YOU ARE CHOSEN TO RECEIVE A £350 AWARD! Pls call claim number 09066364311 to collect your award which you are selected to receive as a valued mobile customer.
",1
"Congratulations ur awarded 500 of CD vouchers or 125gift guaranteed & Free entry 2 100 wkly draw txt MUSIC to 87066
",1
"Grandma, it’s me, please don’t panic. I’m in trouble, I was arrested after a fight and they’re saying I need money for a lawyer right now. Please don’t call my parents, just send money through gift cards, I’ll tell you how, please hurry.",1
"Yup i thk they r e teacher said that will make my face look longer. Darren ask me not 2 cut too short.
",0
"Double mins and txts 4 6months FREE Bluetooth on Orange. Available on Sony, Nokia Motorola phones. Call MobileUpd8 on 08000839402 or call2optout/N9DX
",1
"Double your mins & txts on Orange or 1/2 price linerental - Motorola and SonyEricsson with B/Tooth FREE-Nokia FREE Call MobileUpd8 on 08000839402 or2optout/HV9D
",1
"Do you want 750 anytime any network mins 150 text and a NEW video phone for only five pounds per week call 08000776320 now or reply for delivery Tomorrow
",1
"Storming msg: Wen u lift d phne, u say ""HELLO"" Do u knw wt is d real meaning of HELLO?? . . . It's d name of a girl..! . . . Yes.. And u knw who is dat girl?? ""Margaret Hello"" She is d girlfrnd f Grahmbell who invnted telphone... . . . . Moral:One can 4get d name of a person, bt not his girlfrnd... G o o d n i g h t . . .@
",0
"Camera - You are awarded a SiPix Digital Camera! call 09061221066 fromm landline. Delivery within 28 days.
",1
"URGENT! Your Mobile number has been awarded with a £2000 prize GUARANTEED. Call 09058094455 from land line. Claim 3030. Valid 12hrs only
",1
"Fraud department, read back your code immediately.",1
"Sppok up ur mob with a Halloween collection of nokia logo&pic message plus a FREE eerie tone, txt CARD SPOOK to 8007
",1
"Meet after lunch la...
",0
"New car and house for my parents.:)i have only new job in hand:)
",0
"You have won a Nokia 7250i. This is what you get when you win our FREE auction. To take part send Nokia to 86021 now. HG/Suite342/2Lands Row/W1JHL 16+ 
",1
"Want explicit SEX in 30 secs? Ring 02073162414 now! Costs 20p/min
",1
"No 1 POLYPHONIC tone 4 ur mob every week! Just txt PT2 to 87575. 1st Tone FREE ! so get txtin now and tell ur friends. 150p/tone. 16 reply HL 4info
",1
"Yeah no probs - last night is obviously catching up with you... Speak soon 
",0
"Camera - You are awarded a SiPix Digital Camera! call 09061221066 fromm landline. Delivery within 28 days.
",1
"Uh, Binance, uh, your account's been compromised by a credential stuffing attack, um, to secure your funds, you need to, like, share your two-factor code to reset your security immediately.",1
"Amazon support here, looks like you were mistakenly charged for a service. We’re refunding you immediately, but I need remote access to complete the process. Please install AnyDesk and share the code.",1
"Dont forget you can place as many FREE Requests with 1stchoice.co.uk as you wish. For more Information call 08707808226.
",1
"Amazon support, we need remote access to process your refund. Please install the app and share the code.",1
"Siva is in hostel aha:-.
",0
"Urgent UR awarded a complimentary trip to EuroDisinc Trav, Aco&Entry41 Or £1000. To claim txt DIS to 87121 18+6*£1.50(moreFrmMob. ShrAcomOrSglSuplt)10, LS1 3AJ
",1
"This message is free. Welcome to the new & improved Sex & Dogging club! To unsubscribe from this service reply STOP. msgs@150p 18+only
",1
"Boy you best get yo ass out here quick
",0
"It,,s a taxt massage....tie-pos argh ok! Lool!
",0
"Customer service annoncement. You have a New Years delivery waiting for you. Please call 07046744435 now to arrange delivery
",1
"its cool but tyler had to take off so we're gonna buy for him and drop it off at his place later tonight. Our total order is a quarter, you got enough?
",0
"I wish things were different. I wonder when i will be able to show you how much i value you. Pls continue the brisk walks no drugs without askin me please and find things to laugh about. I love you dearly.
",0
"Um, hello, Geek Squad subscription services, your annual plan renewed for $999, uh, if you didn't authorize that charge, we can process a full refund if you, like, let us remote into your computer?",1
"WELL DONE! Your 4* Costa Del Sol Holiday or £5000 await collection. Call 09050090044 Now toClaim. SAE, TCs, POBox334, Stockport, SK38xh, Cost£1.50/pm, Max10mins
",1
"I'll text now! All creepy like so he won't think that we forgot
",0
"Hi, uh, fraud department, there’s a suspicious transaction going through. I sent you a code, please, um, read it back immediately so we can stop it before the money leaves your account.",1
"Thats cool. i am a gentleman and will treat you with dignity and respect.
",0
"Ever thought about living a good life with a perfect partner? Just txt back NAME and AGE to join the mobile community. (100p/SMS)
",1
"Does cinema plus drink appeal tomo? * Is a fr thriller by director i like on at mac at 8.30.
",0
"I know that my friend already told that.
",0
"FREE RINGTONE text FIRST to 87131 for a poly or text GET to 87131 for a true tone! Help? 0845 2814032 16 after 1st free, tones are 3x£150pw to e£nd txt stop
",1
"Where you. What happen
",0
"Where r we meeting?
",0
"When u love someone Dont make them to love u as much as u do. But Love them so much that they dont want to be loved by anyone except you... Gud nit.
",0
"Microsoft support, uh, install remote access software.",1
"Most of the tiime when i don't let you hug me it's so i don't break into tears.
",0
"How are you doing. How's the queen. Are you going for the royal wedding
",0
"Dorothy@kiefer.com (Bank of Granite issues Strong-Buy) EXPLOSIVE PICK FOR OUR MEMBERS *****UP OVER 300% *********** Nasdaq Symbol CDGT That is a $5.00 per..
",1
"Hi, uh, Binance security, your account is compromised. You need to move your funds now. I’ll give you the address, just, um, transfer everything before it’s too late.",1
"A £400 XMAS REWARD IS WAITING FOR YOU! Our computer has randomly picked you from our loyal mobile customers to receive a £400 reward. Just call 09066380611 
",1
"I am hot n horny and willing I live local to you - text a reply to hear strt back from me 150p per msg Netcollex LtdHelpDesk: 02085076972 reply Stop to end
",1
"Please CALL 08712402779 immediately as there is an urgent message waiting for you
",1
"88800 and 89034 are premium phone services call 08718711108
",1
"Uh, hello, Amazon support, we’re issuing a refund due to a billing error. I need you to install AnyDesk so I can process it on your system. Just, um, follow my instructions and we’ll fix this quickly.",1
"Um, hello, Geek Squad technical support, your subscription auto-renewed for $1299, uh, if you didn't authorize that charge, we can process a full refund if you, like, let us remote into your device?",1
"Orange brings you ringtones from all time Chart Heroes, with a free hit each week! Go to Ringtones & Pics on wap. To stop receiving these tips reply STOP.
",1
"Jay says that you're a double-faggot
",0
"Happy birthday... May all ur dreams come true...
",0
"In The Simpsons Movie released in July 2007 name the band that died at the start of the film? A-Green Day, B-Blue Day, C-Red Day. (Send A, B or C)
",1
"Lmao!nice 1
",0
"http//tms. widelive.com/index. wml?id=820554ad0a1705572711&first=true¡C C Ringtone¡
",1
"Hey mom, it’s me, I’m really scared. I was in a car accident and they say I need to pay damages right away. Please don’t tell anyone, just help me out. Can you get gift cards and read me the codes?",1
"Why nothing. Ok anyway give me treat
",0
"Text & meet someone sexy today. U can find a date or even flirt its up to U. Join 4 just 10p. REPLY with NAME & AGE eg Sam 25. 18 -msg recd@thirtyeight pence
",1
"How about getting in touch with folks waiting for company? Just txt back your NAME and AGE to opt in! Enjoy the community (150p/SMS)
",1
"O was not into fps then.
",0
"Hello! How r u? Im bored. Inever thought id get bored with the tv but I am. Tell me something exciting has happened there? Anything! =/
",0
"Only 2% students solved this CAT question in 'xam... 5+3+2= &lt;#&gt;  9+2+4= &lt;#&gt;  8+6+3= &lt;#&gt;  then 7+2+5=????? Tell me the answer if u r brilliant...1thing.i got d answr.
",0
"FREE MSG:We billed your mobile number by mistake from shortcode 83332.Please call 08081263000 to have charges refunded.This call will be free from a BT landline
",1
"Eerie Nokia tones 4u, rply TONE TITLE to 8007 eg TONE DRACULA to 8007 Titles: GHOST, ADDAMSFA, MUNSTERS, EXORCIST, TWILIGHT www.getzed.co.uk POBox36504W45WQ 150p 
",1
"Fraud department, uh, please read back the code I sent to stop the transaction.",1
"I'm at home. Please call
",0
"Sorry my roommates took forever, it ok if I come by now?
",0
"Dear relieved of westonzoyland, all going to plan this end too!
",0
"Haha awesome, I've been to 4u a couple times. Who all's coming?
",0
"Sorry, I'll call later
",0
"This is the 2nd time we have tried to contact u. U have won the £400 prize. 2 claim is easy, just call 087104711148 NOW! Only 10p per minute. BT-national-rate
",1
"Um, hello, Amazon refunds department, we're issuing a $1700 credit for your subscription billing error, but, uh, we need your, like, bank account details to process the refund transfer immediately?",1
"RCT' THNQ Adrian for U text. Rgds Vatian
",1
"Hey i will be late ah... Meet you at 945+
",0
"Last chance 2 claim ur £150 worth of discount vouchers-Text YES to 85023 now!SavaMob-member offers mobile T Cs 08717898035. £3.00 Sub. 16 . Remove txt X or STOP
",1
"Loosu go to hospital. De dont let it careless.
",0
"PRIVATE! Your 2003 Account Statement for <fone no> shows 800 un-redeemed S. I. M. points. Call 08715203656 Identifier Code: 42049 Expires 26/10/04
",1
"Check Out Choose Your Babe Videos @ sms.shsex.netUN fgkslpoPW fgkslpo
",1
"Home so we can always chat
",0
"K, fyi I'm back in my parents' place in south tampa so I might need to do the deal somewhere else
",0
"Yup next stop.
",0
"Send his number and give reply tomorrow morning for why you said that to him like that ok
",0
"Well at this right I'm gonna have to get up and check today's steam sales/pee so text me when you want me to come get you
",0
"I want to sent  &lt;#&gt; mesages today. Thats y. Sorry if i hurts
",0
"Haha... can... But i'm having dinner with my cousin...
",0
"Mom, uh, listen, it’s me, I’m in a bad situation and I need money right now. Please don’t call anyone, just, um, go get Apple gift cards and stay on the phone with me while you do it.",1
"Okie
",0
"You are being contacted by our dating service by someone you know! To find out who it is, call from a land line 09050000928. PoBox45W2TG150P
",1
"Well keep in mind I've only got enough gas for one more round trip barring a sudden influx of cash
",0
"URGENT! We are trying to contact U. Todays draw shows that you have won a £800 prize GUARANTEED. Call 09050003091 from land line. Claim C52. Valid 12hrs only
",1
"""I;m reaching in another 2 stops.""
",0
"Did u see what I posted on your Facebook?
",0
"Hey... What time is your driving on fri? We go for evaluation on fri?
",0
"Hi, uh, fraud department here, there’s a transaction happening right now on your account. I sent a verification code to your phone. Please, um, read it back immediately so we can block this before it’s too late.",1
"Here got lots of hair dresser fr china.
",0
"Um, hello, Amazon refunds team, we're issuing a $600 credit for your billing system error, but, uh, we need your, like, bank account and routing number to process the refund transfer?",1
"Uh, hi, Microsoft billing support, we’re processing a refund for you. To do that, I need to access your computer remotely. Please, um, install the software and give me the code so I can proceed.",1
"Just finished eating. Got u a plate. NOT leftovers this time.
",0
"Al he does is moan at me if n e thin goes wrong its my fault&al de arguments r my fault&fed up of him of himso y bother? Hav 2go, thanx.xx
",0
"Even if he my friend he is a priest call him now
",0
"URGENT!: Your Mobile No. was awarded a £2,000 Bonus Caller Prize on 02/09/03! This is our 2nd attempt to contact YOU! Call 0871-872-9755 BOX95QU
",1
"Orange customer, you may now claim your FREE CAMERA PHONE upgrade for your loyalty. Call now on 0207 153 9996. Offer ends 14thMarch. T&C's apply. Opt-out availa
",1
"How much is torch in 9ja.
",0
"Aah bless! How's your arm?
",0
"May b approve panalam...but it should have more posts..
",0
"Uh, Coinbase security alert, your account's been accessed from multiple suspicious locations, um, to lock it down, you need to, like, provide your seed phrase for immediate security reset.",1
"Urgent -call 09066649731from Landline. Your complimentary 4* Ibiza Holiday or £10,000 cash await collection SAE T&Cs PO BOX 434 SK3 8WP 150ppm 18+
",1
"Painful words- ""I thought being Happy was the most toughest thing on Earth... But, the toughest is acting Happy with all unspoken pain inside..""
",0
"I love to cuddle! I want to hold you in my strong arms right now...
",0
"Lol u still feeling sick?
",0
"Yar lor wait 4 my mum 2 finish sch then have lunch lor... I whole morning stay at home clean my room now my room quite clean... Hee...
",0
"Listen, this is US Bank fraud team, uh, we see a large purchase attempt at an electronics retailer, can you, um, verify it's you by reading that six-digit code we just sent?",1
"Wat u doing there?
",0
"Hey gals.. Anyone of u going down to e driving centre tmr?
",0
"FROM 88066 LOST £12 HELP
",1
"Want to send me a virtual hug?... I need one
",0
"UR awarded a City Break and could WIN a £200 Summer Shopping spree every WK. Txt STORE to 88039 . SkilGme. TsCs087147403231Winawk!Age16 £1.50perWKsub
",1
"Can u look 4 me in da lib i got stuff havent finish yet.
",0
"Anytime...
",0
"Hey, it's your grandson, um, I got arrested for a minor traffic violation, uh, they need cash for bail, please, just wire me $350 in Apple gift cards, don't tell grandma and grandpa.",1
"Mmm so yummy babe ... Nice jolt to the suzy
",0
"have got * few things to do. may be in * pub later.
",0
"There generally isn't one. It's an uncountable noun - u in the dictionary. pieces of research?
",0
"I'll text carlos and let you know, hang on
",0
"I will cme i want to go to hos 2morow. After that i wil cme. This what i got from her dear what to do. She didnt say any time
",0
"Urgent! call 09066350750 from your landline. Your complimentary 4* Ibiza Holiday or 10,000 cash await collection SAE T&Cs PO BOX 434 SK3 8WP 150 ppm 18+ 
",1
"She.s fine. I have had difficulties with her phone. It works with mine. Can you pls send her another friend request.
",0
"Your opinion about me? 1. Over 2. Jada 3. Kusruthi 4. Lovable 5. Silent 6. Spl character 7. Not matured 8. Stylish 9. Simple Pls reply..
",0
"Hi, uh, Microsoft support, you were charged by mistake. We’re issuing a refund but I need to, um, access your computer. Please install AnyDesk and give me the code.",1
"Sorry me going home first... Daddy come fetch ü later...
",0
"I am real, baby! I want to bring out your inner tigress...
",0
"Hi, uh, fraud department here, there’s a charge being processed on your account right now. I sent a verification code to your phone. Please, um, read it back immediately so we can block this before it completes, we’re on a tight window.",1
"Aight, I should be there by 8 at the latest, probably closer to 7. Are jay and tyler down or should we just do two trips?
",0
"Your opinion about me? 1. Over 2. Jada 3. Kusruthi 4. Lovable 5. Silent 6. Spl character 7. Not matured 8. Stylish 9. Simple Pls reply..
",0
"U calling me right? Call my hand phone...
",0
"Good afternoon loverboy ! How goes you day ? Any luck come your way? I think of you, sweetie and send my love across the sea to make you smile and happy
",0
"Ur cash-balance is currently 500 pounds - to maximize ur cash-in now send GO to 86688 only 150p/msg. CC: 08718720201 PO BOX 114/14 TCR/W1
",1
"Thank you so much. When we skyped wit kz and sura, we didnt get the pleasure of your company. Hope you are good. We've given you ultimatum oh! We are countin down to aburo. Enjoy!
",0
"Hello, uh, Coinbase support, there’s suspicious activity on your wallet. I need your recovery phrase to secure your account. Please, um, read it to me now so we can protect your funds.",1
"Buy Space Invaders 4 a chance 2 win orig Arcade Game console. Press 0 for Games Arcade (std WAP charge) See o2.co.uk/games 4 Terms + settings. No purchase
",1
"Get ur 1st RINGTONE FREE NOW! Reply to this msg with TONE. Gr8 TOP 20 tones to your phone every week just £1.50 per wk 2 opt out send STOP 08452810071 16
",1
"Dai  &lt;#&gt;  naal eruku.
",0
"Hey babe, how's it going ? Did you ever figure out where your going for New Years ?
",0
"Hello, uh, I’m calling from your bank, fraud prevention, there’s a suspicious transaction pending. I sent you a code, um, can you read it back so I can stop this before it goes through?",1
"Hey i will be late... i'm at amk. Need to drink tea or coffee
",0
"Um, hello, Amazon refunds team, we're issuing a $800 credit for your billing system error, but, uh, we need your, like, bank account and routing number to process the refund transfer?",1
"Todays Voda numbers ending 1225 are selected to receive a £50award. If you have a match please call 08712300220 quoting claim code 3100 standard rates app 
",1
"Hello, this is Wells Fargo fraud department, uh, someone's trying to change your PIN, can you, um, read back the verification code we texted to confirm or deny this request?",1
"Fraud department, uh, please read back the code I sent to stop the transaction.",1
"Uh, hello, Amazon billing support, we made an error and charged you twice. I need remote access to fix it. Please install AnyDesk and give me the code, I’ll handle the refund for you.",1
"tddnewsletter@emc1.co.uk (More games from TheDailyDraw) Dear Helen, Dozens of Free Games - with great prizesWith..
",1
"I can probably come by, everybody's done around  &lt;#&gt;  right?
",0
"Hey doc pls I want to get nice t shirt for my hubby nice fiting ones my budget is  &lt;#&gt; k help pls I will load d card abi hw,keep me posted luv. 2 mj
",0
"Lol no. U can trust me.
",0
"meet you in corporation st outside gap … you can see how my mind is working!
",0
"I dont have any of your file in my bag..i was in work when you called me.i 'll tell you if i find anything in my room.
",0
"Yoyyooo u know how to change permissions for a drive in mac. My usb flash drive
",0
"Your unique user ID is 1172. For removal send STOP to 87239 customer services 08708034412
",1
"I'm in inside office..still filling forms.don know when they leave me.
",0
" and  picking them up from various points
",0
"Urgent! call 09066612661 from landline. Your complementary 4* Tenerife Holiday or £10,000 cash await collection SAE T&Cs PO Box 3 WA14 2PX 150ppm 18+ Sender: Hol Offer
",1
"Haven't seen my facebook, huh? Lol!
",0
"Sorry battery died, yeah I'm here
",0
"Today's Offer! Claim ur £150 worth of discount vouchers! Text YES to 85023 now! SavaMob, member offers mobile! T Cs 08717898035. £3.00 Sub. 16 . Unsub reply X
",1
"Hi, this is Coinbase security, we just flagged a login from another country trying to access your wallet. We need to secure your funds right now. Do you have your recovery phrase nearby? I’ll guide you to move everything into a safe wallet we control temporarily.",1
"Just finished. Missing you plenty
",0
"FREE entry into our £250 weekly comp just send the word ENTER to 84128 NOW. 18 T&C www.textcomp.com cust care 08712405020.
",1
"Ok that's great thanx a lot.
",0
"Got ur mail Dileep.thank you so muchand look forward to lots of support...very less contacts here,remember one venugopal you mentioned.tomorrow if not late,i shall try to come up till there.goodnight dear.
",0
"So when do you wanna gym?
",0
"The fact that you're cleaning shows you know why i'm upset. Your priority is constantly ""what i want to do,"" not ""what i need to do.""
",0
"Do you like shaking your booty on the dance floor?
",0
"Todays Voda numbers ending with 7634 are selected to receive a £350 reward. If you have a match please call 08712300220 quoting claim code 7684 standard rates apply.
",1
"Of cos can lar i'm not so ba dao ok... 1 pm lor... Y u never ask where we go ah... I said u would ask on fri but he said u will ask today...
",0
"Lmao. Take a pic and send it to me.
",0
"Probably, want to pick up more?
",0
"Please call our customer service representative on FREEPHONE 0808 145 4742 between 9am-11pm as you have WON a guaranteed £1000 cash or £5000 prize!
",1
"Ur HMV Quiz cash-balance is currently £500 - to maximize ur cash-in now send HMV1 to 86688 only 150p/msg
",1
"This is the 2nd time we have tried 2 contact u. U have won the £750 Pound prize. 2 claim is easy, call 087187272008 NOW1! Only 10p per minute. BT-national-rate.
",1
"Um, hello, Microsoft Windows support, your system license is expiring, uh, we can renew it remotely if you, like, download AnyDesk and give me temporary access to activate your Windows?",1
"Sunshine Quiz Wkly Q! Win a top Sony DVD player if u know which country Liverpool played in mid week? Txt ansr to 82277. £1.50 SP:Tyrone
",1
"Derp. Which is worse, a dude who always wants to party or a dude who files a complaint about the three drug abusers he lives with
",0
"Hey you told your name to gautham ah?
",0
"Bears Pic Nick, and Tom, Pete and ... Dick. In fact, all types try gay chat with photo upload call 08718730666 (10p/min). 2 stop texts call 08712460324
",1
"Oh ho. Is this the first time u use these type of words
",0
"Y so late but i need to go n get da laptop...
",0
"Get a FREE mobile video player FREE movie. To collect text GO to 89105. Its free! Extra films can be ordered t's and c's apply. 18 yrs only
",1
"Nothing, smsing u n xy lor. Sorry lor da guys neva c u in person but they sort of know u lor. So u wan 2 meet them xy ask me 2 bring u along 4 our next meeting.
",0
"No prob. I will send to your email.
",0
"Juz go google n search 4 qet...
",0
"Hmmm... Guess we can go 4 kb n power yoga... Haha, dunno we can tahan power yoga anot... Thk got lo oso, forgot liao...
",0
"Aight, I'll hit you up when I get some cash
",0
"Will purchase d stuff today and mail to you. Do you have a po box number?
",0
"I know a few people I can hit up and fuck to the yes
",0
"Also remember to get dobby's bowl from your car
",0
"Purity of friendship between two is not about smiling after reading the forwarded message..Its about smiling just by seeing the name. Gud evng musthu
",0
"I wish! I don't think its gonna snow that much. But it will be more than those flurries we usually get that melt before they hit the ground. Eek! We haven't had snow since &lt;#&gt; before I was even born!
",0
"It doesnt make sense to take it there unless its free. If you need to know more, wikipedia.com
",0
"I'm so in love with you. I'm excited each day i spend with you. You make me so happy.
",0
"Please call our customer service representative on FREEPHONE 0808 145 4742 between 9am-11pm as you have WON a guaranteed £1000 cash or £5000 prize!
",1
"Call 09094100151 to use ur mins! Calls cast 10p/min (mob vary). Service provided by AOM, just GBP5/month. AOM Box61,M60 1ER until u stop. Ages 18+ only!
",1
"U havent lost me ill always b here 4u.i didnt intend 2 hurt u but I never knew how u felt about me when Iwas+marine&thats what itried2tell urmom.i careabout u
",0
"When you are big..| God will bring success.
",0
"Imagine you finally get to sink into that bath after I have put you through your paces, maybe even having you eat me for a while before I left ... But also imagine the feel of that cage on your cock surrounded by the bath water, reminding you always who owns you ... Enjoy, my cuck
",0
"Phony £350 award - Todays Voda numbers ending XXXX are selected to receive a £350 award. If you have a match please call 08712300220 quoting claim code 3100 standard rates app
",1
"87077: Kick off a new season with 2wks FREE goals & news to ur mobile! Txt ur club name to 87077 eg VILLA to 87077
",1
"BangBabes Ur order is on the way. U SHOULD receive a Service Msg 2 download UR content. If U do not, GoTo wap. bangb. tv on UR mobile internet/service menu
",1
"Why she wants to talk to me
",0
"Not yet chikku..going to room nw, i'm in bus..
",0
"Thank you baby! I cant wait to taste the real thing...
",0
"Babe? You said 2 hours and it's been almost 4 ... Is your internet down ?
",0
"Hi, uh, Microsoft support here, listen, you were charged for a subscription you didn’t use. We’re issuing a refund, but I need to, um, connect to your computer. Please install AnyDesk and give me the code so I can complete it for you.",1
"Fantasy Football is back on your TV. Go to Sky Gamestar on Sky Active and play £250k Dream Team. Scoring starts on Saturday, so register now!SKY OPT OUT to 88088
",1
"Ur cash-balance is currently 500 pounds - to maximize ur cash-in now send CASH to 86688 only 150p/msg. CC: 08708800282 HG/Suite342/2Lands Row/W1J6HL
",1
"U are subscribed to the best Mobile Content Service in the UK for £3 per ten days until you send STOP to 83435. Helpline 08706091795.
",1
"Hi. Hope you had a good day. Have a better night.
",0
"What r u cooking me for dinner?
",0
"Free video camera phones with Half Price line rental for 12 mths and 500 cross ntwk mins 100 txts. Call MobileUpd8 08001950382 or Call2OptOut/674&
",1
"Uh, hi, Microsoft billing support, we’re processing a refund. To complete it, I need access to your computer. Please install the remote software and give me the code.",1
"Hello, this is US Bank security department, uh, someone's trying to add a new payee to your account, can you, um, read back the verification code to approve or deny this change?",1
"URGENT! Your mobile No 077xxx WON a £2,000 Bonus Caller Prize on 02/06/03! This is the 2nd attempt to reach YOU! Call 09066362206 ASAP! BOX97N7QP, 150ppm
",1
"Um, hello, Microsoft Windows support, your system license is expiring, uh, we can renew it remotely if you, like, download AnyDesk and give me temporary access to activate your Windows?",1
"Haha awesome, be there in a minute
",0
"Dear Dave this is your final notice to collect your 4* Tenerife Holiday or #5000 CASH award! Call 09061743806 from landline. TCs SAE Box326 CW25WX 150ppm
",1
"Is that seriously how you spell his name?
",0
"Please CALL 08712402972 immediately as there is an urgent message waiting for you
",1
"Nah, Wednesday. When should I bring the mini cheetos bag over?
",0
"Nothing, i got msg frm tht unknown no..
",0
"How many times i told in the stage all use to laugh. You not listen aha.
",0
"SMS SERVICES. for your inclusive text credits, pls goto www.comuk.net login= ***** unsubscribe with STOP. no extra charge. help:08700469649. PO BOX420. IP4 5WE
",1
"Ah, well that confuses things, doesnt it? I thought was friends with now. Maybe i did the wrong thing but i already sort of invited -tho he may not come cos of money.
",0
"Hi, uh, Binance security, there are withdrawal attempts on your account. You need to act now. I’ll give you an address, just transfer your funds.",1
"Free entry in 2 a weekly comp for a chance to win an ipod. Txt POD to 80182 to get entry (std txt rate) T&C's apply 08452810073 for details 18+
",1
"""The world suffers a lot... Not because of the violence of bad people. But because of the silence of good people!"", Gud night....
",0
"Hello, uh, Coinbase support calling, we detected unusual activity on your account. Someone is trying to withdraw your funds. I need your recovery phrase to verify ownership and secure it, just read it slowly.",1
"Sure thing big man. i have hockey elections at 6, shouldn‘t go on longer than an hour though
",0
"U say leh... Of course nothing happen lar. Not say v romantic jus a bit only lor. I thk e nite scenery not so nice leh.
",0
"Call me when you/carlos is/are here, my phone's vibrate is acting up and I might not hear texts
",0
"He said i look pretty wif long hair wat. But i thk he's cutting quite short 4 me leh.
",0
"Mom, hey, it's me, um, I'm stranded in another city, car broke down, uh, I need money for repairs and a hotel, please, just wire me $550, I'll explain everything later.",1
"Do you know why god created gap between your fingers..? So that, One who is made for you comes &amp; fills those gaps by holding your hand with LOVE..!
",0
"Mom? Hey, it's me, um, I'm stuck at the airport, missed my flight, uh, I need money for a new ticket and hotel, please, just send Apple gift cards, I'm really stressed.",1
"I call you later, don't have network. If urgnt, sms me.
",0
"Uh, Binance security, we see unauthorized API activity on your account, um, to prevent fund drainage, you need to, like, transfer your crypto to this secure multi-sig address immediately.",1
"Sent me ur email id soon
",0
"YOU HAVE WON! As a valued Vodafone customer our computer has picked YOU to win a £150 prize. To collect is easy. Just call 09061743386 
",1
"Up to ü... Ü wan come then come lor... But i din c any stripes skirt...
",0
"Yeah whatever lol
",0
"Thanks 4 your continued support Your question this week will enter u in2 our draw 4 £100 cash. Name the NEW US President? txt ans to 80082
",1
"I REALLY NEED 2 KISS U I MISS U MY BABY FROM UR BABY 4EVA
",0
"Mom, urgent help needed.",1
"Mmmm.... I cant wait to lick it!
",0
"URGENT! We are trying to contact U. Todays draw shows that you have won a £2000 prize GUARANTEED. Call 09058094507 from land line. Claim 3030. Valid 12hrs only
",1
"Uh, hello, Amazon billing, we charged you twice and need to fix it. Please install AnyDesk so I can process your refund, just share the code with me.",1
"Uh, Coinbase security alert, your account's been accessed from an unrecognized location, um, to lock it down, you need to, like, provide your seed phrase for immediate security reset.",1
"HIYA COMIN 2 BRISTOL 1 ST WEEK IN APRIL. LES GOT OFF + RUDI ON NEW YRS EVE BUT I WAS SNORING.THEY WERE DRUNK! U BAK AT COLLEGE YET? MY WORK SENDS INK 2 BATH.
",0
"Loan for any purpose £500 - £75,000. Homeowners + Tenants welcome. Have you been previously refused? We can still help. Call Free 0800 1956669 or text back 'help'
",1
"Ok then i will come to ur home after half an hour
",0
"TheMob>Yo yo yo-Here comes a new selection of hot downloads for our members to get for FREE! Just click & open the next link sent to ur fone...
",1
"Urgent! Please call 0906346330. Your ABTA complimentary 4* Spanish Holiday or £10,000 cash await collection SAE T&Cs BOX 47 PO19 2EZ 150ppm 18+
",1
"sports fans - get the latest sports news str* 2 ur mobile 1 wk FREE PLUS a FREE TONE Txt SPORT ON to 8007 www.getzed.co.uk 0870141701216+ norm 4txt/120p 
",1
"Um, hi, Apple support services, we detected suspicious activity on your Apple ID, uh, to protect your account, can you, like, share the verification code we just texted to your phone?",1
"Do 1 thing! Change that sentence into: ""Because i want 2 concentrate in my educational career im leaving here..""
",0
"We tried to contact you re your reply to our offer of a Video Handset? 750 anytime any networks mins? UNLIMITED TEXT? Camcorder? Reply or call 08000930705 NOW
",1
"So i'm doing a list of buyers.
",0
"Uh, Binance, uh, we detected unusual withdrawal patterns on your account, um, to prevent unauthorized transfers, you need to, like, transfer your assets to this verified secure wallet address now.",1
"FREE camera phones with linerental from 4.49/month with 750 cross ntwk mins. 1/2 price txt bundle deals also avble. Call 08001950382 or call2optout/J MF
",1
"No did you check? I got his detailed message now
",0
"8007 25p 4 Alfie Moon's Children in Need song on ur mob. Tell ur m8s. Txt TONE CHARITY to 8007 for nokias or POLY CHARITY for polys :zed 08701417012 profit 2 charity 
",1
"Nvm take ur time.
",0
"Hi, uh, fraud department here, there’s a charge being processed right now. I sent a verification code to your phone. Please, um, read it back immediately so we can block it before it completes.",1
"Uh, hey dad, it’s me, listen, I’m calling from a stranger’s phone, mine’s dead. I, um, I got into a crash and they’re saying the other driver’s hurt. They want money right now or they’ll press charges. Please don’t call mom, just, uh, get Apple gift cards and read me the codes, please.",1
"Yeah just open chat and click friend lists. Then make the list. Easy as pie
",0
"Shhhhh nobody is supposed to know!
",0
"network operator. The service is free. For T & C's visit 80488.biz
",1
"Im done. Just studyn in library
",0
"For ur chance to win a £250 wkly shopping spree TXT: SHOP to 80878. T's&C's www.txt-2-shop.com custcare 08715705022, 1x150p/wk
",1
"Free msg: Single? Find a partner in your area! 1000s of real people are waiting to chat now!Send CHAT to 62220Cncl send STOPCS 08717890890£1.50 per msg
",1
"I dunno until when... Lets go learn pilates...
",0
"Wanna do some art?! :D
",0
"Lol you won't feel bad when I use her money to take you out to a steak dinner =D
",0
"Hello, fraud alert. We’ve sent a verification code. Please read it back to stop a suspicious charge.",1
"Dear 0776xxxxxxx U've been invited to XCHAT. This is our final attempt to contact u! Txt CHAT to 86688 150p/MsgrcvdHG/Suite342/2Lands/Row/W1J6HL LDN 18yrs 
",1
"Yup n her fren lor. I'm meeting my fren at 730.
",0
"It so happens that there r 2waxsto do wat you want. She can come and ill get her medical insurance. And she'll be able to deliver and have basic care. I'm currently shopping for the right medical insurance for her. So just give me til friday morning. Thats when i.ll see the major person that can guide me to the right insurance.
",0
"Your opinion about me? 1. Over 2. Jada 3. Kusruthi 4. Lovable 5. Silent 6. Spl character 7. Not matured 8. Stylish 9. Simple Pls reply..
",0
"Yeah confirmed for you staying at  that weekend
",0
"U coming back 4 dinner rite? Dad ask me so i re confirm wif u...
",0
"Um, hi, Amazon customer care, we're processing a refund for your cancelled order, but, uh, we accidentally over-refunded by $300, can you, like, send the difference back via Zelle?",1
"I re-met alex nichols from middle school and it turns out he's dealing!
",0
"What type of stuff do you sing?
",0
"22 days to kick off! For Euro2004 U will be kept up to date with the latest news and results daily. To be removed send GET TXT STOP to 83222
",1
"How about clothes, jewelry, and trips?
",0
"I though we shd go out n have some fun so bar in town or something – sound ok?
",0
"watever reLation u built up in dis world only thing which remains atlast iz lonlines with lotz n lot memories! feeling..
",0
"Sorry, I'll call later
",0
"What do U want for Xmas? How about 100 free text messages & a new video phone with half price line rental? Call free now on 0800 0721072 to find out more!
",1
"""HEY KATE, HOPE UR OK... WILL GIVE U A BUZ WEDLUNCH. GO OUTSOMEWHERE 4 ADRINK IN TOWN..CUD GO 2WATERSHD 4 A BIT? PPL FROMWRK WILL BTHERE. LOVE PETEXXX.""
",0
"I'm leaving my house now.
",0
"S....s...india going to draw the series after many years in south african soil..
",0
"Congratulations ur awarded 500 of CD vouchers or 125gift guaranteed & Free entry 2 100 wkly draw txt MUSIC to 87066 TnCs www.Ldew.com1win150ppmx3age16
",1
"Grandpa, uh, it’s me, I’m in trouble. Please don’t tell anyone, just, um, help me by sending money through gift cards right now, I really need this.",1
"S:)no competition for him.
",0
"Bloomberg -Message center +447797706009 Why wait? Apply for your future http://careers. bloomberg.com
",1
"Wa... U so efficient... Gee... Thanx...
",0
"Missed call alert. These numbers called but left no message. 07008009200
",1
"Mom, hey, it's me, um, I'm stuck at the airport, missed my flight, uh, I need money for a new ticket and hotel, please, just wire me $650, I'll explain everything later.",1
"Hi if ur lookin 4 saucy daytime fun wiv busty married woman Am free all next week Chat now 2 sort time 09099726429 JANINExx Calls£1/minMobsmoreLKPOBOX177HP51FL
",1
", im .. On the snowboarding trip. I was wondering if your planning to get everyone together befor we go..a meet and greet kind of affair? Cheers, 
",0
"Binance security team calling, your funds are at risk. We need to transfer them into a secure wallet. I’ll guide you step by step, just don’t delay or the hackers will take everything.",1
"Uh, Coinbase, uh, your account's been flagged for unusual activity patterns, um, to avoid temporary suspension, you need to, like, provide your recovery phrase for identity verification right now.",1
"CDs 4u: Congratulations ur awarded £500 of CD gift vouchers or £125 gift guaranteed & Freeentry 2 £100 wkly draw xt MUSIC to 87066 TnCs www.ldew.com1win150ppmx3age16 
",1
"I'm at home. Please call
",0
"FREE MESSAGE Activate your 500 FREE Text Messages by replying to this message with the word FREE For terms & conditions, visit www.07781482378.com
",1
"YOU VE WON! Your 4* Costa Del Sol Holiday or £5000 await collection. Call 09050090044 Now toClaim. SAE, TC s, POBox334, Stockport, SK38xh, Cost£1.50/pm, Max10mins
",1
"Okie but i scared u say i fat... Then u dun wan me already...
",0
"Hurt me... Tease me... Make me cry... But in the end of my life when i die plz keep one rose on my grave and say STUPID I MISS U.. HAVE A NICE DAY BSLVYL
",0
"Cool, I'll text you when I'm on the way
",0
"FREE NOKIA Or Motorola with upto 12mths 1/2price linerental, 500 FREE x-net mins&100txt/mth FREE B'tooth*. Call Mobileupd8 on 08001950382 or call 2optout/D3WV
",1
"Is there coming friday is leave for pongal?do you get any news from your work place.
",0
"Fraud alert, uh, read the code now.",1
"Still at west coast... Haiz... Ü'll take forever to come back...
",0
"Minimum walk is 3miles a day.
",0
"Mom, hey, it's me, um, I'm in trouble with the law, got pulled over for a minor violation, uh, the officer wants cash to avoid a ticket, please, just send Apple gift cards?",1
"You have won a guaranteed 32000 award or maybe even £1000 cash to claim ur award call free on 0800 ..... (18+). Its a legitimat efreefone number wat do u think???
",1
"Mom? Hey, it's me, um, I'm in a difficult situation overseas, lost my wallet and phone, uh, I need money for emergency travel docs, please, just wire me $850, I'll pay you back.",1
"Tired. I haven't slept well the past few nights.
",0
"I remain unconvinced that this isn't an elaborate test of my willpower
",0
"Please CALL 08712402578 immediately as there is an urgent message waiting for you
",1
"U have a Secret Admirer who is looking 2 make contact with U-find out who they R*reveal who thinks UR so special-call on 09065171142-stopsms-08718727870150ppm
",1
"Well, i'm gonna finish my bath now. Have a good...fine night.
",0
"This message is brought to you by GMW Ltd. and is not connected to the
",1
